-- --------------------------------------------------------
-- Hôte :                        127.0.0.1
-- Version du serveur:           5.7.29-0ubuntu0.18.04.1 - (Ubuntu)
-- SE du serveur:                Linux
-- HeidiSQL Version:             9.5.0.5196
-- --------------------------------------------------------

/*!40101 SET @OLD_CHARACTER_SET_CLIENT=@@CHARACTER_SET_CLIENT */;
/*!40101 SET NAMES utf8 */;
/*!50503 SET NAMES utf8mb4 */;
/*!40014 SET @OLD_FOREIGN_KEY_CHECKS=@@FOREIGN_KEY_CHECKS, FOREIGN_KEY_CHECKS=0 */;
/*!40101 SET @OLD_SQL_MODE=@@SQL_MODE, SQL_MODE='NO_AUTO_VALUE_ON_ZERO' */;

-- Export de la structure de la table gip. connexion_history
DROP TABLE IF EXISTS `connexion_history`;
CREATE TABLE IF NOT EXISTS `connexion_history` (
  `id` int(10) unsigned NOT NULL AUTO_INCREMENT,
  `user_id` int(10) unsigned NOT NULL,
  `connection_date` datetime NOT NULL,
  `disconnection_date` datetime NOT NULL,
  `ip_host` varchar(20) COLLATE utf8mb4_unicode_ci NOT NULL,
  `session_id` varchar(100) COLLATE utf8mb4_unicode_ci NOT NULL,
  `connexion_status` varchar(3) COLLATE utf8mb4_unicode_ci NOT NULL DEFAULT 'N',
  PRIMARY KEY (`id`),
  KEY `user_id` (`user_id`),
  CONSTRAINT `connexion_history_id` FOREIGN KEY (`id`) REFERENCES `users` (`id`) ON DELETE NO ACTION ON UPDATE NO ACTION
) ENGINE=InnoDB DEFAULT CHARSET=utf8mb4 COLLATE=utf8mb4_unicode_ci;

-- Export de données de la table gip.connexion_history : ~0 rows (environ)
/*!40000 ALTER TABLE `connexion_history` DISABLE KEYS */;
/*!40000 ALTER TABLE `connexion_history` ENABLE KEYS */;

-- Export de la structure de la table gip. infra_cassette_plateau
DROP TABLE IF EXISTS `infra_cassette_plateau`;
CREATE TABLE IF NOT EXISTS `infra_cassette_plateau` (
  `id` int(10) unsigned NOT NULL AUTO_INCREMENT,
  `plateau_id` int(10) unsigned NOT NULL,
  `name` varchar(200) COLLATE utf8mb4_unicode_ci NOT NULL,
  `rang` int(11) NOT NULL,
  `title` varchar(250) COLLATE utf8mb4_unicode_ci NOT NULL,
  `deleted_at` timestamp NULL DEFAULT NULL,
  `created_at` timestamp NULL DEFAULT NULL,
  `updated_at` timestamp NULL DEFAULT NULL,
  PRIMARY KEY (`id`),
  KEY `plateau_id` (`plateau_id`),
  CONSTRAINT `plateau_id` FOREIGN KEY (`plateau_id`) REFERENCES `infra_plateau_odf` (`id`) ON DELETE NO ACTION ON UPDATE NO ACTION
) ENGINE=InnoDB AUTO_INCREMENT=62 DEFAULT CHARSET=utf8mb4 COLLATE=utf8mb4_unicode_ci;

-- Export de données de la table gip.infra_cassette_plateau : ~24 rows (environ)
/*!40000 ALTER TABLE `infra_cassette_plateau` DISABLE KEYS */;
INSERT INTO `infra_cassette_plateau` (`id`, `plateau_id`, `name`, `rang`, `title`, `deleted_at`, `created_at`, `updated_at`) VALUES
	(14, 5, 'C 1f', 1, ' C 1', NULL, '2020-02-11 03:25:20', '2020-02-12 22:44:54'),
	(15, 5, ' C 2', 2, ' C 2', NULL, '2020-02-11 03:25:20', '2020-02-11 03:25:20'),
	(16, 5, ' C 3', 3, ' C 3', NULL, '2020-02-11 03:25:20', '2020-02-11 03:25:20'),
	(17, 5, ' C 4', 4, ' C 4', NULL, '2020-02-11 03:25:21', '2020-02-11 03:25:21'),
	(18, 5, ' C 5', 5, ' C 5', NULL, '2020-02-11 03:25:21', '2020-02-11 03:25:21'),
	(19, 5, ' C 6', 6, ' C 6', NULL, '2020-02-11 03:25:21', '2020-02-11 03:25:21'),
	(20, 6, ' C 1', 1, ' C 1', NULL, '2020-02-11 03:25:21', '2020-02-11 03:25:21'),
	(21, 6, ' C 2', 2, ' C 2', NULL, '2020-02-11 03:25:22', '2020-02-11 03:25:22'),
	(22, 6, ' C 3', 3, ' C 3', NULL, '2020-02-11 03:25:22', '2020-02-11 03:25:22'),
	(23, 6, ' C 4', 4, ' C 4', NULL, '2020-02-11 03:25:22', '2020-02-11 03:25:22'),
	(24, 6, ' C 5', 5, ' C 5', NULL, '2020-02-11 03:25:23', '2020-02-11 03:25:23'),
	(25, 6, ' C 6', 6, ' C 6', NULL, '2020-02-11 03:25:23', '2020-02-11 03:25:23'),
	(26, 7, ' C 1', 1, ' C 1', NULL, '2020-02-11 03:25:23', '2020-02-11 03:25:23'),
	(27, 7, ' C 2', 2, ' C 2', NULL, '2020-02-11 03:25:24', '2020-02-11 03:25:24'),
	(28, 7, ' C 3', 3, ' C 3', NULL, '2020-02-11 03:25:24', '2020-02-11 03:25:24'),
	(29, 7, ' C 4', 4, ' C 4', NULL, '2020-02-11 03:25:24', '2020-02-11 03:25:24'),
	(30, 7, ' C 5', 5, ' C 5', NULL, '2020-02-11 03:25:24', '2020-02-11 03:25:24'),
	(31, 7, ' C 6', 6, ' C 6', NULL, '2020-02-11 03:25:25', '2020-02-11 03:25:25'),
	(32, 8, ' C 1', 1, ' C 1', NULL, '2020-02-11 03:25:25', '2020-02-11 03:25:25'),
	(33, 8, ' C 2', 2, ' C 2', NULL, '2020-02-11 03:25:25', '2020-02-11 03:25:25'),
	(34, 8, ' C 3', 3, ' C 3', NULL, '2020-02-11 03:25:25', '2020-02-11 03:25:25'),
	(35, 8, ' C 4', 4, ' C 4', NULL, '2020-02-11 03:25:26', '2020-02-11 03:25:26'),
	(36, 8, ' C 5', 5, ' C 5', NULL, '2020-02-11 03:25:26', '2020-02-11 03:25:26'),
	(37, 8, ' C 6', 6, ' C 6', NULL, '2020-02-11 03:25:26', '2020-02-11 03:25:26'),
	(38, 9, 'C 1', 1, ' C 1', NULL, '2020-02-13 03:07:26', '2020-02-15 12:45:57'),
	(39, 9, ' C 2', 2, ' C 2', NULL, '2020-02-13 03:07:26', '2020-02-13 03:07:26'),
	(40, 9, ' C 3', 3, ' C 3', NULL, '2020-02-13 03:07:27', '2020-02-13 03:07:27'),
	(41, 9, ' C 4', 4, ' C 4', NULL, '2020-02-13 03:07:27', '2020-02-13 03:07:27'),
	(42, 9, ' C 5', 5, ' C 5', NULL, '2020-02-13 03:07:27', '2020-02-13 03:07:27'),
	(43, 9, ' C 6', 6, ' C 6', NULL, '2020-02-13 03:07:27', '2020-02-13 03:07:27'),
	(44, 10, ' C 1', 1, ' C 1', NULL, '2020-02-13 03:07:28', '2020-02-13 03:07:28'),
	(45, 10, ' C 2', 2, ' C 2', NULL, '2020-02-13 03:07:28', '2020-02-13 03:07:28'),
	(46, 10, ' C 3', 3, ' C 3', NULL, '2020-02-13 03:07:28', '2020-02-13 03:07:28'),
	(47, 10, ' C 4', 4, ' C 4', NULL, '2020-02-13 03:07:28', '2020-02-13 03:07:28'),
	(48, 10, ' C 5', 5, ' C 5', NULL, '2020-02-13 03:07:29', '2020-02-13 03:07:29'),
	(49, 10, ' C 6', 6, ' C 6', NULL, '2020-02-13 03:07:29', '2020-02-13 03:07:29'),
	(50, 11, ' C 1', 1, ' C 1', NULL, '2020-02-13 03:07:29', '2020-02-13 03:07:29'),
	(51, 11, ' C 2', 2, ' C 2', NULL, '2020-02-13 03:07:29', '2020-02-13 03:07:29'),
	(52, 11, ' C 3', 3, ' C 3', NULL, '2020-02-13 03:07:29', '2020-02-13 03:07:29'),
	(53, 11, ' C 4', 4, ' C 4', NULL, '2020-02-13 03:07:30', '2020-02-13 03:07:30'),
	(54, 11, ' C 5', 5, ' C 5', NULL, '2020-02-13 03:07:30', '2020-02-13 03:07:30'),
	(55, 11, ' C 6', 6, ' C 6', NULL, '2020-02-13 03:07:30', '2020-02-13 03:07:30'),
	(56, 12, ' C 1', 1, ' C 1', NULL, '2020-02-13 03:07:30', '2020-02-13 03:07:30'),
	(57, 12, ' C 2', 2, ' C 2', NULL, '2020-02-13 03:07:31', '2020-02-13 03:07:31'),
	(58, 12, ' C 3', 3, ' C 3', NULL, '2020-02-13 03:07:31', '2020-02-13 03:07:31'),
	(59, 12, ' C 4', 4, ' C 4', NULL, '2020-02-13 03:07:31', '2020-02-13 03:07:31'),
	(60, 12, ' C 5', 5, ' C 5', NULL, '2020-02-13 03:07:31', '2020-02-13 03:07:31'),
	(61, 12, ' C 6', 6, ' C 6', NULL, '2020-02-13 03:07:31', '2020-02-13 03:07:31');
/*!40000 ALTER TABLE `infra_cassette_plateau` ENABLE KEYS */;

-- Export de la structure de la table gip. infra_cassette_tx_rx
DROP TABLE IF EXISTS `infra_cassette_tx_rx`;
CREATE TABLE IF NOT EXISTS `infra_cassette_tx_rx` (
  `id` int(10) unsigned NOT NULL AUTO_INCREMENT,
  `cassette_id` int(10) unsigned NOT NULL,
  `rang` int(11) DEFAULT NULL,
  `link_s` varchar(200) COLLATE utf8mb4_unicode_ci DEFAULT NULL,
  `link_s_desc` varchar(200) COLLATE utf8mb4_unicode_ci DEFAULT NULL,
  `link_d` varchar(200) COLLATE utf8mb4_unicode_ci DEFAULT NULL,
  `link_d_desc` varchar(200) COLLATE utf8mb4_unicode_ci DEFAULT NULL,
  `etat_d_id` int(10) unsigned DEFAULT NULL,
  `confirm_s` int(11) NOT NULL DEFAULT '1',
  `etat_s_id` int(10) unsigned DEFAULT NULL,
  `confirm_d` int(11) NOT NULL DEFAULT '1',
  `deleted_at` timestamp NULL DEFAULT NULL,
  `created_at` timestamp NULL DEFAULT NULL,
  `updated_at` timestamp NULL DEFAULT NULL,
  PRIMARY KEY (`id`),
  KEY `etat_rx_id` (`etat_s_id`),
  KEY `legende_tx_id` (`etat_d_id`,`etat_s_id`),
  KEY `cassette_id` (`cassette_id`),
  CONSTRAINT `cassette_id` FOREIGN KEY (`cassette_id`) REFERENCES `infra_cassette_plateau` (`id`) ON DELETE CASCADE ON UPDATE CASCADE,
  CONSTRAINT `etat_rx_id` FOREIGN KEY (`etat_s_id`) REFERENCES `infra_etat_tx_rx` (`id`) ON DELETE SET NULL ON UPDATE CASCADE,
  CONSTRAINT `legende_tx_id` FOREIGN KEY (`etat_d_id`) REFERENCES `infra_etat_tx_rx` (`id`) ON DELETE SET NULL ON UPDATE CASCADE
) ENGINE=InnoDB AUTO_INCREMENT=338 DEFAULT CHARSET=utf8mb4 COLLATE=utf8mb4_unicode_ci;

-- Export de données de la table gip.infra_cassette_tx_rx : ~144 rows (environ)
/*!40000 ALTER TABLE `infra_cassette_tx_rx` DISABLE KEYS */;
INSERT INTO `infra_cassette_tx_rx` (`id`, `cassette_id`, `rang`, `link_s`, `link_s_desc`, `link_d`, `link_d_desc`, `etat_d_id`, `confirm_s`, `etat_s_id`, `confirm_d`, `deleted_at`, `created_at`, `updated_at`) VALUES
	(74, 14, 1, NULL, NULL, NULL, NULL, 1, 0, 1, 0, NULL, '2020-02-11 03:25:20', '2020-02-11 03:25:20'),
	(75, 14, 2, NULL, NULL, NULL, NULL, 1, 0, 1, 0, NULL, '2020-02-11 03:25:20', '2020-02-11 03:25:20'),
	(76, 14, 3, NULL, NULL, NULL, NULL, 1, 0, 1, 0, NULL, '2020-02-11 03:25:20', '2020-02-11 03:25:20'),
	(77, 14, 4, NULL, NULL, NULL, NULL, 1, 0, 1, 0, NULL, '2020-02-11 03:25:20', '2020-02-11 03:25:20'),
	(78, 14, 5, NULL, NULL, NULL, NULL, 1, 0, 1, 0, NULL, '2020-02-11 03:25:20', '2020-02-11 03:25:20'),
	(79, 14, 6, NULL, NULL, NULL, NULL, 1, 0, 1, 0, NULL, '2020-02-11 03:25:20', '2020-02-11 03:25:20'),
	(80, 15, 1, NULL, NULL, NULL, NULL, 1, 0, 1, 0, NULL, '2020-02-11 03:25:20', '2020-02-11 03:25:20'),
	(81, 15, 2, NULL, NULL, NULL, NULL, 1, 0, 1, 0, NULL, '2020-02-11 03:25:20', '2020-02-11 03:25:20'),
	(82, 15, 3, NULL, NULL, NULL, NULL, 1, 0, 1, 0, NULL, '2020-02-11 03:25:20', '2020-02-11 03:25:20'),
	(83, 15, 4, NULL, NULL, NULL, NULL, 1, 0, 1, 0, NULL, '2020-02-11 03:25:20', '2020-02-11 03:25:20'),
	(84, 15, 5, NULL, NULL, NULL, NULL, 1, 0, 1, 0, NULL, '2020-02-11 03:25:20', '2020-02-11 03:25:20'),
	(85, 15, 6, NULL, NULL, NULL, NULL, 1, 0, 1, 0, NULL, '2020-02-11 03:25:20', '2020-02-11 03:25:20'),
	(86, 16, 1, NULL, NULL, NULL, NULL, 1, 0, 1, 0, NULL, '2020-02-11 03:25:20', '2020-02-11 03:25:20'),
	(87, 16, 2, NULL, NULL, NULL, NULL, 1, 0, 1, 0, NULL, '2020-02-11 03:25:20', '2020-02-11 03:25:20'),
	(88, 16, 3, NULL, NULL, NULL, NULL, 1, 0, 1, 0, NULL, '2020-02-11 03:25:20', '2020-02-11 03:25:20'),
	(89, 16, 4, NULL, NULL, NULL, NULL, 1, 0, 1, 0, NULL, '2020-02-11 03:25:21', '2020-02-11 03:25:21'),
	(90, 16, 5, NULL, NULL, NULL, NULL, 1, 0, 1, 0, NULL, '2020-02-11 03:25:21', '2020-02-11 03:25:21'),
	(91, 16, 6, NULL, NULL, NULL, NULL, 1, 0, 1, 0, NULL, '2020-02-11 03:25:21', '2020-02-11 03:25:21'),
	(92, 17, 1, NULL, NULL, NULL, NULL, 1, 0, 1, 0, NULL, '2020-02-11 03:25:21', '2020-02-11 03:25:21'),
	(93, 17, 2, NULL, NULL, NULL, NULL, 1, 0, 1, 0, NULL, '2020-02-11 03:25:21', '2020-02-11 03:25:21'),
	(94, 17, 3, NULL, NULL, NULL, NULL, 1, 0, 1, 0, NULL, '2020-02-11 03:25:21', '2020-02-11 03:25:21'),
	(95, 17, 4, NULL, NULL, NULL, NULL, 1, 0, 1, 0, NULL, '2020-02-11 03:25:21', '2020-02-11 03:25:21'),
	(96, 17, 5, NULL, NULL, NULL, NULL, 1, 0, 1, 0, NULL, '2020-02-11 03:25:21', '2020-02-11 03:25:21'),
	(97, 17, 6, NULL, NULL, NULL, NULL, 1, 0, 1, 0, NULL, '2020-02-11 03:25:21', '2020-02-11 03:25:21'),
	(98, 18, 1, NULL, NULL, NULL, NULL, 1, 0, 1, 0, NULL, '2020-02-11 03:25:21', '2020-02-11 03:25:21'),
	(99, 18, 2, NULL, NULL, NULL, NULL, 1, 0, 1, 0, NULL, '2020-02-11 03:25:21', '2020-02-11 03:25:21'),
	(100, 18, 3, NULL, NULL, NULL, NULL, 1, 0, 1, 0, NULL, '2020-02-11 03:25:21', '2020-02-11 03:25:21'),
	(101, 18, 4, NULL, NULL, NULL, NULL, 1, 0, 1, 0, NULL, '2020-02-11 03:25:21', '2020-02-11 03:25:21'),
	(102, 18, 5, NULL, NULL, NULL, NULL, 1, 0, 1, 0, NULL, '2020-02-11 03:25:21', '2020-02-11 03:25:21'),
	(103, 18, 6, NULL, NULL, NULL, NULL, 1, 0, 1, 0, NULL, '2020-02-11 03:25:21', '2020-02-11 03:25:21'),
	(104, 19, 1, NULL, NULL, NULL, NULL, 1, 0, 1, 0, NULL, '2020-02-11 03:25:21', '2020-02-11 03:25:21'),
	(105, 19, 2, NULL, NULL, NULL, NULL, 1, 0, 1, 0, NULL, '2020-02-11 03:25:21', '2020-02-11 03:25:21'),
	(106, 19, 3, NULL, NULL, NULL, NULL, 1, 0, 1, 0, NULL, '2020-02-11 03:25:21', '2020-02-11 03:25:21'),
	(107, 19, 4, NULL, NULL, NULL, NULL, 1, 0, 1, 0, NULL, '2020-02-11 03:25:21', '2020-02-11 03:25:21'),
	(108, 19, 5, NULL, NULL, NULL, NULL, 1, 0, 1, 0, NULL, '2020-02-11 03:25:21', '2020-02-11 03:25:21'),
	(109, 19, 6, NULL, NULL, NULL, NULL, 1, 0, 1, 0, NULL, '2020-02-11 03:25:21', '2020-02-11 03:25:21'),
	(110, 20, 1, NULL, NULL, NULL, NULL, 1, 0, 1, 0, NULL, '2020-02-11 03:25:22', '2020-02-13 02:50:15'),
	(111, 20, 2, NULL, NULL, NULL, NULL, 1, 0, 1, 0, NULL, '2020-02-11 03:25:22', '2020-02-11 03:25:22'),
	(112, 20, 3, NULL, NULL, NULL, NULL, 1, 0, 1, 0, NULL, '2020-02-11 03:25:22', '2020-02-11 03:25:22'),
	(113, 20, 4, NULL, NULL, NULL, NULL, 1, 0, 1, 0, NULL, '2020-02-11 03:25:22', '2020-02-11 03:25:22'),
	(114, 20, 5, NULL, NULL, NULL, NULL, 1, 0, 1, 0, NULL, '2020-02-11 03:25:22', '2020-02-11 03:25:22'),
	(115, 20, 6, NULL, NULL, NULL, NULL, 1, 0, 1, 0, NULL, '2020-02-11 03:25:22', '2020-02-11 03:25:22'),
	(116, 21, 1, NULL, NULL, NULL, NULL, 1, 0, 1, 0, NULL, '2020-02-11 03:25:22', '2020-02-11 03:25:22'),
	(117, 21, 2, NULL, NULL, NULL, NULL, 1, 0, 1, 0, NULL, '2020-02-11 03:25:22', '2020-02-11 03:25:22'),
	(118, 21, 3, NULL, NULL, NULL, NULL, 1, 0, 1, 0, NULL, '2020-02-11 03:25:22', '2020-02-11 03:25:22'),
	(119, 21, 4, NULL, NULL, NULL, NULL, 1, 0, 1, 0, NULL, '2020-02-11 03:25:22', '2020-02-11 03:25:22'),
	(120, 21, 5, NULL, NULL, NULL, NULL, 1, 0, 1, 0, NULL, '2020-02-11 03:25:22', '2020-02-11 03:25:22'),
	(121, 21, 6, NULL, NULL, NULL, NULL, 1, 0, 1, 0, NULL, '2020-02-11 03:25:22', '2020-02-11 03:25:22'),
	(122, 22, 1, NULL, NULL, NULL, NULL, 1, 0, 1, 0, NULL, '2020-02-11 03:25:22', '2020-02-11 03:25:22'),
	(123, 22, 2, NULL, NULL, NULL, NULL, 1, 0, 1, 0, NULL, '2020-02-11 03:25:22', '2020-02-11 03:25:22'),
	(124, 22, 3, NULL, NULL, NULL, NULL, 1, 0, 1, 0, NULL, '2020-02-11 03:25:22', '2020-02-11 03:25:22'),
	(125, 22, 4, NULL, NULL, NULL, NULL, 1, 0, 1, 0, NULL, '2020-02-11 03:25:22', '2020-02-11 03:25:22'),
	(126, 22, 5, NULL, NULL, NULL, NULL, 1, 0, 1, 0, NULL, '2020-02-11 03:25:22', '2020-02-11 03:25:22'),
	(127, 22, 6, NULL, NULL, NULL, NULL, 1, 0, 1, 0, NULL, '2020-02-11 03:25:22', '2020-02-11 03:25:22'),
	(128, 23, 1, NULL, NULL, NULL, NULL, 1, 0, 1, 0, NULL, '2020-02-11 03:25:22', '2020-02-11 03:25:22'),
	(129, 23, 2, NULL, NULL, NULL, NULL, 1, 0, 1, 0, NULL, '2020-02-11 03:25:22', '2020-02-11 03:25:22'),
	(130, 23, 3, NULL, NULL, NULL, NULL, 1, 0, 1, 0, NULL, '2020-02-11 03:25:22', '2020-02-11 03:25:22'),
	(131, 23, 4, NULL, NULL, NULL, NULL, 1, 0, 1, 0, NULL, '2020-02-11 03:25:22', '2020-02-11 03:25:22'),
	(132, 23, 5, NULL, NULL, NULL, NULL, 1, 0, 1, 0, NULL, '2020-02-11 03:25:23', '2020-02-11 03:25:23'),
	(133, 23, 6, NULL, NULL, NULL, NULL, 1, 0, 1, 0, NULL, '2020-02-11 03:25:23', '2020-02-11 03:25:23'),
	(134, 24, 1, NULL, NULL, NULL, NULL, 1, 0, 1, 0, NULL, '2020-02-11 03:25:23', '2020-02-11 03:25:23'),
	(135, 24, 2, NULL, NULL, NULL, NULL, 1, 0, 1, 0, NULL, '2020-02-11 03:25:23', '2020-02-11 03:25:23'),
	(136, 24, 3, NULL, NULL, NULL, NULL, 1, 0, 1, 0, NULL, '2020-02-11 03:25:23', '2020-02-11 03:25:23'),
	(137, 24, 4, NULL, NULL, NULL, NULL, 1, 0, 1, 0, NULL, '2020-02-11 03:25:23', '2020-02-11 03:25:23'),
	(138, 24, 5, NULL, NULL, NULL, NULL, 1, 0, 1, 0, NULL, '2020-02-11 03:25:23', '2020-02-11 03:25:23'),
	(139, 24, 6, NULL, NULL, NULL, NULL, 1, 0, 1, 0, NULL, '2020-02-11 03:25:23', '2020-02-11 03:25:23'),
	(140, 25, 1, NULL, NULL, NULL, NULL, 1, 0, 1, 0, NULL, '2020-02-11 03:25:23', '2020-02-11 03:25:23'),
	(141, 25, 2, NULL, NULL, NULL, NULL, 1, 0, 1, 0, NULL, '2020-02-11 03:25:23', '2020-02-11 03:25:23'),
	(142, 25, 3, NULL, NULL, NULL, NULL, 1, 0, 1, 0, NULL, '2020-02-11 03:25:23', '2020-02-11 03:25:23'),
	(143, 25, 4, NULL, NULL, NULL, NULL, 1, 0, 1, 0, NULL, '2020-02-11 03:25:23', '2020-02-11 03:25:23'),
	(144, 25, 5, NULL, NULL, NULL, NULL, 1, 0, 1, 0, NULL, '2020-02-11 03:25:23', '2020-02-11 03:25:23'),
	(145, 25, 6, NULL, NULL, NULL, NULL, 1, 0, 1, 0, NULL, '2020-02-11 03:25:23', '2020-02-11 03:25:23'),
	(146, 26, 1, NULL, NULL, NULL, NULL, 1, 0, 1, 0, NULL, '2020-02-11 03:25:23', '2020-02-11 03:25:23'),
	(147, 26, 2, NULL, NULL, NULL, NULL, 1, 0, 1, 0, NULL, '2020-02-11 03:25:23', '2020-02-11 03:25:23'),
	(148, 26, 3, NULL, NULL, NULL, NULL, 1, 0, 1, 0, NULL, '2020-02-11 03:25:23', '2020-02-11 03:25:23'),
	(149, 26, 4, NULL, NULL, NULL, NULL, 1, 0, 1, 0, NULL, '2020-02-11 03:25:23', '2020-02-11 03:25:23'),
	(150, 26, 5, NULL, NULL, NULL, NULL, 1, 0, 1, 0, NULL, '2020-02-11 03:25:23', '2020-02-11 03:25:23'),
	(151, 26, 6, NULL, NULL, NULL, NULL, 1, 0, 1, 0, NULL, '2020-02-11 03:25:24', '2020-02-11 03:25:24'),
	(152, 27, 1, NULL, NULL, NULL, NULL, 1, 0, 1, 0, NULL, '2020-02-11 03:25:24', '2020-02-11 03:25:24'),
	(153, 27, 2, NULL, NULL, NULL, NULL, 1, 0, 1, 0, NULL, '2020-02-11 03:25:24', '2020-02-11 03:25:24'),
	(154, 27, 3, NULL, NULL, NULL, NULL, 1, 0, 1, 0, NULL, '2020-02-11 03:25:24', '2020-02-11 03:25:24'),
	(155, 27, 4, NULL, NULL, NULL, NULL, 1, 0, 1, 0, NULL, '2020-02-11 03:25:24', '2020-02-11 03:25:24'),
	(156, 27, 5, NULL, NULL, NULL, NULL, 1, 0, 1, 0, NULL, '2020-02-11 03:25:24', '2020-02-11 03:25:24'),
	(157, 27, 6, NULL, NULL, NULL, NULL, 1, 0, 1, 0, NULL, '2020-02-11 03:25:24', '2020-02-11 03:25:24'),
	(158, 28, 1, NULL, NULL, NULL, NULL, 1, 0, 1, 0, NULL, '2020-02-11 03:25:24', '2020-02-11 03:25:24'),
	(159, 28, 2, NULL, NULL, NULL, NULL, 1, 0, 1, 0, NULL, '2020-02-11 03:25:24', '2020-02-11 03:25:24'),
	(160, 28, 3, NULL, NULL, NULL, NULL, 1, 0, 1, 0, NULL, '2020-02-11 03:25:24', '2020-02-11 03:25:24'),
	(161, 28, 4, NULL, NULL, NULL, NULL, 1, 0, 1, 0, NULL, '2020-02-11 03:25:24', '2020-02-11 03:25:24'),
	(162, 28, 5, NULL, NULL, NULL, NULL, 1, 0, 1, 0, NULL, '2020-02-11 03:25:24', '2020-02-11 03:25:24'),
	(163, 28, 6, NULL, NULL, NULL, NULL, 1, 0, 1, 0, NULL, '2020-02-11 03:25:24', '2020-02-11 03:25:24'),
	(164, 29, 1, NULL, NULL, NULL, NULL, 1, 0, 1, 0, NULL, '2020-02-11 03:25:24', '2020-02-11 03:25:24'),
	(165, 29, 2, NULL, NULL, NULL, NULL, 1, 0, 1, 0, NULL, '2020-02-11 03:25:24', '2020-02-11 03:25:24'),
	(166, 29, 3, NULL, NULL, NULL, NULL, 1, 0, 1, 0, NULL, '2020-02-11 03:25:24', '2020-02-11 03:25:24'),
	(167, 29, 4, NULL, NULL, NULL, NULL, 1, 0, 1, 0, NULL, '2020-02-11 03:25:24', '2020-02-11 03:25:24'),
	(168, 29, 5, NULL, NULL, NULL, NULL, 1, 0, 1, 0, NULL, '2020-02-11 03:25:24', '2020-02-11 03:25:24'),
	(169, 29, 6, NULL, NULL, NULL, NULL, 1, 0, 1, 0, NULL, '2020-02-11 03:25:24', '2020-02-11 03:25:24'),
	(170, 30, 1, NULL, NULL, NULL, NULL, 1, 0, 1, 0, NULL, '2020-02-11 03:25:24', '2020-02-11 03:25:24'),
	(171, 30, 2, NULL, NULL, NULL, NULL, 1, 0, 1, 0, NULL, '2020-02-11 03:25:24', '2020-02-11 03:25:24'),
	(172, 30, 3, NULL, NULL, NULL, NULL, 1, 0, 1, 0, NULL, '2020-02-11 03:25:24', '2020-02-11 03:25:24'),
	(173, 30, 4, NULL, NULL, NULL, NULL, 1, 0, 1, 0, NULL, '2020-02-11 03:25:24', '2020-02-11 03:25:24'),
	(174, 30, 5, NULL, NULL, NULL, NULL, 1, 0, 1, 0, NULL, '2020-02-11 03:25:25', '2020-02-11 03:25:25'),
	(175, 30, 6, NULL, NULL, NULL, NULL, 1, 0, 1, 0, NULL, '2020-02-11 03:25:25', '2020-02-11 03:25:25'),
	(176, 31, 1, NULL, NULL, NULL, NULL, 1, 0, 1, 0, NULL, '2020-02-11 03:25:25', '2020-02-11 03:25:25'),
	(177, 31, 2, NULL, NULL, NULL, NULL, 1, 0, 1, 0, NULL, '2020-02-11 03:25:25', '2020-02-11 03:25:25'),
	(178, 31, 3, NULL, NULL, NULL, NULL, 1, 0, 1, 0, NULL, '2020-02-11 03:25:25', '2020-02-11 03:25:25'),
	(179, 31, 4, NULL, NULL, NULL, NULL, 1, 0, 1, 0, NULL, '2020-02-11 03:25:25', '2020-02-11 03:25:25'),
	(180, 31, 5, NULL, NULL, NULL, NULL, 1, 0, 1, 0, NULL, '2020-02-11 03:25:25', '2020-02-11 03:25:25'),
	(181, 31, 6, NULL, NULL, NULL, NULL, 1, 0, 1, 0, NULL, '2020-02-11 03:25:25', '2020-02-11 03:25:25'),
	(182, 32, 1, NULL, NULL, NULL, NULL, 1, 0, 1, 0, NULL, '2020-02-11 03:25:25', '2020-02-11 03:25:25'),
	(183, 32, 2, NULL, NULL, NULL, NULL, 1, 0, 1, 0, NULL, '2020-02-11 03:25:25', '2020-02-11 03:25:25'),
	(184, 32, 3, NULL, NULL, NULL, NULL, 1, 0, 1, 0, NULL, '2020-02-11 03:25:25', '2020-02-11 03:25:25'),
	(185, 32, 4, NULL, NULL, NULL, NULL, 1, 0, 1, 0, NULL, '2020-02-11 03:25:25', '2020-02-11 03:25:25'),
	(186, 32, 5, NULL, NULL, NULL, NULL, 1, 0, 1, 0, NULL, '2020-02-11 03:25:25', '2020-02-11 03:25:25'),
	(187, 32, 6, NULL, NULL, NULL, NULL, 1, 0, 1, 0, NULL, '2020-02-11 03:25:25', '2020-02-11 03:25:25'),
	(188, 33, 1, NULL, NULL, NULL, NULL, 1, 0, 1, 0, NULL, '2020-02-11 03:25:25', '2020-02-11 03:25:25'),
	(189, 33, 2, NULL, NULL, NULL, NULL, 1, 0, 1, 0, NULL, '2020-02-11 03:25:25', '2020-02-11 03:25:25'),
	(190, 33, 3, NULL, NULL, NULL, NULL, 1, 0, 1, 0, NULL, '2020-02-11 03:25:25', '2020-02-11 03:25:25'),
	(191, 33, 4, NULL, NULL, NULL, NULL, 1, 0, 1, 0, NULL, '2020-02-11 03:25:25', '2020-02-11 03:25:25'),
	(192, 33, 5, NULL, NULL, NULL, NULL, 1, 0, 1, 0, NULL, '2020-02-11 03:25:25', '2020-02-11 03:25:25'),
	(193, 33, 6, NULL, NULL, NULL, NULL, 1, 0, 1, 0, NULL, '2020-02-11 03:25:25', '2020-02-11 03:25:25'),
	(194, 34, 1, NULL, NULL, NULL, NULL, 1, 0, 1, 0, NULL, '2020-02-11 03:25:25', '2020-02-11 03:25:25'),
	(195, 34, 2, NULL, NULL, NULL, NULL, 1, 0, 1, 0, NULL, '2020-02-11 03:25:26', '2020-02-11 03:25:26'),
	(196, 34, 3, NULL, NULL, NULL, NULL, 1, 0, 1, 0, NULL, '2020-02-11 03:25:26', '2020-02-11 03:25:26'),
	(197, 34, 4, NULL, NULL, NULL, NULL, 1, 0, 1, 0, NULL, '2020-02-11 03:25:26', '2020-02-11 03:25:26'),
	(198, 34, 5, NULL, NULL, NULL, NULL, 1, 0, 1, 0, NULL, '2020-02-11 03:25:26', '2020-02-11 03:25:26'),
	(199, 34, 6, NULL, NULL, NULL, NULL, 1, 0, 1, 0, NULL, '2020-02-11 03:25:26', '2020-02-11 03:25:26'),
	(200, 35, 1, NULL, NULL, NULL, NULL, 1, 0, 1, 0, NULL, '2020-02-11 03:25:26', '2020-02-11 03:25:26'),
	(201, 35, 2, NULL, NULL, NULL, NULL, 1, 0, 1, 0, NULL, '2020-02-11 03:25:26', '2020-02-11 03:25:26'),
	(202, 35, 3, NULL, NULL, NULL, NULL, 1, 0, 1, 0, NULL, '2020-02-11 03:25:26', '2020-02-11 03:25:26'),
	(203, 35, 4, NULL, NULL, NULL, NULL, 1, 0, 1, 0, NULL, '2020-02-11 03:25:26', '2020-02-11 03:25:26'),
	(204, 35, 5, NULL, NULL, NULL, NULL, 1, 0, 1, 0, NULL, '2020-02-11 03:25:26', '2020-02-11 03:25:26'),
	(205, 35, 6, NULL, NULL, NULL, NULL, 1, 0, 1, 0, NULL, '2020-02-11 03:25:26', '2020-02-11 03:25:26'),
	(206, 36, 1, NULL, NULL, NULL, NULL, 1, 0, 1, 0, NULL, '2020-02-11 03:25:26', '2020-02-11 03:25:26'),
	(207, 36, 2, NULL, NULL, NULL, NULL, 1, 0, 1, 0, NULL, '2020-02-11 03:25:26', '2020-02-11 03:25:26'),
	(208, 36, 3, NULL, NULL, NULL, NULL, 1, 0, 1, 0, NULL, '2020-02-11 03:25:26', '2020-02-11 03:25:26'),
	(209, 36, 4, NULL, NULL, NULL, NULL, 1, 0, 1, 0, NULL, '2020-02-11 03:25:26', '2020-02-11 03:25:26'),
	(210, 36, 5, NULL, NULL, NULL, NULL, 1, 0, 1, 0, NULL, '2020-02-11 03:25:26', '2020-02-11 03:25:26'),
	(211, 36, 6, NULL, NULL, NULL, NULL, 1, 0, 1, 0, NULL, '2020-02-11 03:25:26', '2020-02-11 03:25:26'),
	(212, 37, 1, NULL, NULL, NULL, NULL, 1, 0, 1, 0, NULL, '2020-02-11 03:25:26', '2020-02-11 03:25:26'),
	(213, 37, 2, NULL, NULL, NULL, NULL, 1, 0, 1, 0, NULL, '2020-02-11 03:25:26', '2020-02-11 03:25:26'),
	(214, 37, 3, NULL, NULL, NULL, NULL, 1, 0, 1, 0, NULL, '2020-02-11 03:25:26', '2020-02-11 03:25:26'),
	(215, 37, 4, NULL, NULL, NULL, NULL, 1, 0, 1, 0, NULL, '2020-02-11 03:25:26', '2020-02-11 03:25:26'),
	(216, 37, 5, NULL, NULL, NULL, NULL, 1, 0, 1, 0, NULL, '2020-02-11 03:25:26', '2020-02-11 03:25:26'),
	(217, 37, 6, NULL, NULL, NULL, NULL, 1, 0, 1, 0, NULL, '2020-02-11 03:25:26', '2020-02-11 03:25:26'),
	(218, 38, 1, 's', NULL, NULL, NULL, 4, 0, 4, 0, NULL, '2020-02-13 03:07:26', '2020-02-15 12:45:43'),
	(219, 38, 2, NULL, NULL, NULL, NULL, 1, 0, 1, 0, NULL, '2020-02-13 03:07:26', '2020-02-13 04:17:49'),
	(220, 38, 3, NULL, NULL, NULL, NULL, 1, 0, 1, 0, NULL, '2020-02-13 03:07:26', '2020-02-13 03:07:26'),
	(221, 38, 4, NULL, NULL, NULL, NULL, 1, 0, 1, 0, NULL, '2020-02-13 03:07:26', '2020-02-13 03:07:26'),
	(222, 38, 5, NULL, NULL, NULL, NULL, 1, 0, 1, 0, NULL, '2020-02-13 03:07:26', '2020-02-13 04:05:57'),
	(223, 39, 1, NULL, NULL, NULL, NULL, 1, 0, 1, 0, NULL, '2020-02-13 03:07:26', '2020-02-13 03:07:26'),
	(224, 39, 2, NULL, NULL, NULL, NULL, 1, 0, 1, 0, NULL, '2020-02-13 03:07:26', '2020-02-13 13:20:27'),
	(225, 39, 3, NULL, NULL, NULL, NULL, 1, 0, 1, 0, NULL, '2020-02-13 03:07:27', '2020-02-13 03:07:27'),
	(226, 39, 4, NULL, NULL, NULL, NULL, 1, 0, 1, 0, NULL, '2020-02-13 03:07:27', '2020-02-13 03:07:27'),
	(227, 39, 5, NULL, NULL, NULL, NULL, 1, 0, 1, 0, NULL, '2020-02-13 03:07:27', '2020-02-13 03:07:27'),
	(228, 40, 1, NULL, NULL, NULL, NULL, 1, 0, 1, 0, NULL, '2020-02-13 03:07:27', '2020-02-13 03:07:27'),
	(229, 40, 2, NULL, NULL, NULL, NULL, 1, 0, 1, 0, NULL, '2020-02-13 03:07:27', '2020-02-13 03:07:27'),
	(230, 40, 3, NULL, NULL, NULL, NULL, 1, 0, 1, 0, NULL, '2020-02-13 03:07:27', '2020-02-13 03:07:27'),
	(231, 40, 4, NULL, NULL, NULL, NULL, 1, 0, 1, 0, NULL, '2020-02-13 03:07:27', '2020-02-13 03:07:27'),
	(232, 40, 5, NULL, NULL, NULL, NULL, 1, 0, 1, 0, NULL, '2020-02-13 03:07:27', '2020-02-13 03:07:27'),
	(233, 41, 1, NULL, NULL, NULL, NULL, 1, 0, 1, 0, NULL, '2020-02-13 03:07:27', '2020-02-13 03:07:27'),
	(234, 41, 2, NULL, NULL, NULL, NULL, 1, 0, 1, 0, NULL, '2020-02-13 03:07:27', '2020-02-13 03:07:27'),
	(235, 41, 3, NULL, NULL, NULL, NULL, 1, 0, 1, 0, NULL, '2020-02-13 03:07:27', '2020-02-13 03:07:27'),
	(236, 41, 4, NULL, NULL, NULL, NULL, 1, 0, 1, 0, NULL, '2020-02-13 03:07:27', '2020-02-13 03:07:27'),
	(237, 41, 5, NULL, NULL, NULL, NULL, 1, 0, 1, 0, NULL, '2020-02-13 03:07:27', '2020-02-13 03:07:27'),
	(238, 42, 1, NULL, NULL, NULL, NULL, 1, 0, 1, 0, NULL, '2020-02-13 03:07:27', '2020-02-13 03:07:27'),
	(239, 42, 2, NULL, NULL, NULL, NULL, 1, 0, 1, 0, NULL, '2020-02-13 03:07:27', '2020-02-13 03:07:27'),
	(240, 42, 3, NULL, NULL, NULL, NULL, 1, 0, 1, 0, NULL, '2020-02-13 03:07:27', '2020-02-13 03:07:27'),
	(241, 42, 4, NULL, NULL, NULL, NULL, 1, 0, 1, 0, NULL, '2020-02-13 03:07:27', '2020-02-13 03:07:27'),
	(242, 42, 5, NULL, NULL, NULL, NULL, 1, 0, 1, 0, NULL, '2020-02-13 03:07:27', '2020-02-13 03:07:27'),
	(243, 43, 1, NULL, NULL, NULL, NULL, 1, 0, 1, 0, NULL, '2020-02-13 03:07:27', '2020-02-13 03:07:27'),
	(244, 43, 2, NULL, NULL, NULL, NULL, 1, 0, 1, 0, NULL, '2020-02-13 03:07:27', '2020-02-13 03:07:27'),
	(245, 43, 3, NULL, NULL, NULL, NULL, 1, 0, 1, 0, NULL, '2020-02-13 03:07:28', '2020-02-13 03:07:28'),
	(246, 43, 4, NULL, NULL, NULL, NULL, 1, 0, 1, 0, NULL, '2020-02-13 03:07:28', '2020-02-13 03:07:28'),
	(247, 43, 5, NULL, NULL, NULL, NULL, 1, 0, 1, 0, NULL, '2020-02-13 03:07:28', '2020-02-13 03:07:28'),
	(248, 44, 1, NULL, NULL, NULL, NULL, 1, 0, 1, 0, NULL, '2020-02-13 03:07:28', '2020-02-13 03:07:28'),
	(249, 44, 2, NULL, NULL, NULL, NULL, 1, 0, 1, 0, NULL, '2020-02-13 03:07:28', '2020-02-13 03:07:28'),
	(250, 44, 3, NULL, NULL, NULL, NULL, 1, 0, 1, 0, NULL, '2020-02-13 03:07:28', '2020-02-13 03:07:28'),
	(251, 44, 4, NULL, NULL, NULL, NULL, 1, 0, 1, 0, NULL, '2020-02-13 03:07:28', '2020-02-13 03:07:28'),
	(252, 44, 5, NULL, NULL, NULL, NULL, 1, 0, 1, 0, NULL, '2020-02-13 03:07:28', '2020-02-13 03:07:28'),
	(253, 45, 1, NULL, NULL, NULL, NULL, 1, 0, 1, 0, NULL, '2020-02-13 03:07:28', '2020-02-13 03:07:28'),
	(254, 45, 2, NULL, NULL, NULL, NULL, 1, 0, 1, 0, NULL, '2020-02-13 03:07:28', '2020-02-13 03:07:28'),
	(255, 45, 3, NULL, NULL, NULL, NULL, 1, 0, 1, 0, NULL, '2020-02-13 03:07:28', '2020-02-13 03:07:28'),
	(256, 45, 4, NULL, NULL, NULL, NULL, 1, 0, 1, 0, NULL, '2020-02-13 03:07:28', '2020-02-13 03:07:28'),
	(257, 45, 5, NULL, NULL, NULL, NULL, 1, 0, 1, 0, NULL, '2020-02-13 03:07:28', '2020-02-13 03:07:28'),
	(258, 46, 1, NULL, NULL, NULL, NULL, 1, 0, 1, 0, NULL, '2020-02-13 03:07:28', '2020-02-13 03:07:28'),
	(259, 46, 2, NULL, NULL, NULL, NULL, 1, 0, 1, 0, NULL, '2020-02-13 03:07:28', '2020-02-13 03:07:28'),
	(260, 46, 3, NULL, NULL, NULL, NULL, 1, 0, 1, 0, NULL, '2020-02-13 03:07:28', '2020-02-13 03:07:28'),
	(261, 46, 4, NULL, NULL, NULL, NULL, 1, 0, 1, 0, NULL, '2020-02-13 03:07:28', '2020-02-13 03:07:28'),
	(262, 46, 5, NULL, NULL, NULL, NULL, 1, 0, 1, 0, NULL, '2020-02-13 03:07:28', '2020-02-13 03:07:28'),
	(263, 47, 1, NULL, NULL, NULL, NULL, 1, 0, 1, 0, NULL, '2020-02-13 03:07:28', '2020-02-13 03:07:28'),
	(264, 47, 2, NULL, NULL, NULL, NULL, 1, 0, 1, 0, NULL, '2020-02-13 03:07:28', '2020-02-13 03:07:28'),
	(265, 47, 3, NULL, NULL, NULL, NULL, 1, 0, 1, 0, NULL, '2020-02-13 03:07:28', '2020-02-13 03:07:28'),
	(266, 47, 4, NULL, NULL, NULL, NULL, 1, 0, 1, 0, NULL, '2020-02-13 03:07:29', '2020-02-13 03:07:29'),
	(267, 47, 5, NULL, NULL, NULL, NULL, 1, 0, 1, 0, NULL, '2020-02-13 03:07:29', '2020-02-13 03:07:29'),
	(268, 48, 1, NULL, NULL, NULL, NULL, 1, 0, 1, 0, NULL, '2020-02-13 03:07:29', '2020-02-13 03:07:29'),
	(269, 48, 2, NULL, NULL, NULL, NULL, 1, 0, 1, 0, NULL, '2020-02-13 03:07:29', '2020-02-13 03:07:29'),
	(270, 48, 3, NULL, NULL, NULL, NULL, 1, 0, 1, 0, NULL, '2020-02-13 03:07:29', '2020-02-13 03:07:29'),
	(271, 48, 4, NULL, NULL, NULL, NULL, 1, 0, 1, 0, NULL, '2020-02-13 03:07:29', '2020-02-13 03:07:29'),
	(272, 48, 5, NULL, NULL, NULL, NULL, 1, 0, 1, 0, NULL, '2020-02-13 03:07:29', '2020-02-13 03:07:29'),
	(273, 49, 1, NULL, NULL, NULL, NULL, 1, 0, 1, 0, NULL, '2020-02-13 03:07:29', '2020-02-13 03:07:29'),
	(274, 49, 2, NULL, NULL, NULL, NULL, 1, 0, 1, 0, NULL, '2020-02-13 03:07:29', '2020-02-13 03:07:29'),
	(275, 49, 3, NULL, NULL, NULL, NULL, 1, 0, 1, 0, NULL, '2020-02-13 03:07:29', '2020-02-13 03:07:29'),
	(276, 49, 4, NULL, NULL, NULL, NULL, 1, 0, 1, 0, NULL, '2020-02-13 03:07:29', '2020-02-13 03:07:29'),
	(277, 49, 5, NULL, NULL, NULL, NULL, 1, 0, 1, 0, NULL, '2020-02-13 03:07:29', '2020-02-13 03:07:29'),
	(278, 50, 1, NULL, NULL, NULL, NULL, 1, 0, 1, 0, NULL, '2020-02-13 03:07:29', '2020-02-13 03:07:29'),
	(279, 50, 2, NULL, NULL, NULL, NULL, 1, 0, 1, 0, NULL, '2020-02-13 03:07:29', '2020-02-13 03:07:29'),
	(280, 50, 3, NULL, NULL, NULL, NULL, 1, 0, 1, 0, NULL, '2020-02-13 03:07:29', '2020-02-13 03:07:29'),
	(281, 50, 4, NULL, NULL, NULL, NULL, 1, 0, 1, 0, NULL, '2020-02-13 03:07:29', '2020-02-13 03:07:29'),
	(282, 50, 5, NULL, NULL, NULL, NULL, 1, 0, 1, 0, NULL, '2020-02-13 03:07:29', '2020-02-13 03:07:29'),
	(283, 51, 1, NULL, NULL, NULL, NULL, 1, 0, 1, 0, NULL, '2020-02-13 03:07:29', '2020-02-13 03:07:29'),
	(284, 51, 2, NULL, NULL, NULL, NULL, 1, 0, 1, 0, NULL, '2020-02-13 03:07:29', '2020-02-13 03:07:29'),
	(285, 51, 3, NULL, NULL, NULL, NULL, 1, 0, 1, 0, NULL, '2020-02-13 03:07:29', '2020-02-13 03:07:29'),
	(286, 51, 4, NULL, NULL, NULL, NULL, 1, 0, 1, 0, NULL, '2020-02-13 03:07:29', '2020-02-13 03:07:29'),
	(287, 51, 5, NULL, NULL, NULL, NULL, 1, 0, 1, 0, NULL, '2020-02-13 03:07:29', '2020-02-13 03:07:29'),
	(288, 52, 1, NULL, NULL, NULL, NULL, 1, 0, 1, 0, NULL, '2020-02-13 03:07:29', '2020-02-13 03:07:29'),
	(289, 52, 2, NULL, NULL, NULL, NULL, 1, 0, 1, 0, NULL, '2020-02-13 03:07:30', '2020-02-13 03:07:30'),
	(290, 52, 3, NULL, NULL, NULL, NULL, 1, 0, 1, 0, NULL, '2020-02-13 03:07:30', '2020-02-13 03:07:30'),
	(291, 52, 4, NULL, NULL, NULL, NULL, 1, 0, 1, 0, NULL, '2020-02-13 03:07:30', '2020-02-13 03:07:30'),
	(292, 52, 5, NULL, NULL, NULL, NULL, 1, 0, 1, 0, NULL, '2020-02-13 03:07:30', '2020-02-13 03:07:30'),
	(293, 53, 1, NULL, NULL, NULL, NULL, 1, 0, 1, 0, NULL, '2020-02-13 03:07:30', '2020-02-13 03:07:30'),
	(294, 53, 2, NULL, NULL, NULL, NULL, 1, 0, 1, 0, NULL, '2020-02-13 03:07:30', '2020-02-13 03:07:30'),
	(295, 53, 3, NULL, NULL, NULL, NULL, 1, 0, 1, 0, NULL, '2020-02-13 03:07:30', '2020-02-13 03:07:30'),
	(296, 53, 4, NULL, NULL, NULL, NULL, 1, 0, 1, 0, NULL, '2020-02-13 03:07:30', '2020-02-13 03:07:30'),
	(297, 53, 5, NULL, NULL, NULL, NULL, 1, 0, 1, 0, NULL, '2020-02-13 03:07:30', '2020-02-13 03:07:30'),
	(298, 54, 1, NULL, NULL, NULL, NULL, 1, 0, 1, 0, NULL, '2020-02-13 03:07:30', '2020-02-13 03:07:30'),
	(299, 54, 2, NULL, NULL, NULL, NULL, 1, 0, 1, 0, NULL, '2020-02-13 03:07:30', '2020-02-13 03:07:30'),
	(300, 54, 3, NULL, NULL, NULL, NULL, 1, 0, 1, 0, NULL, '2020-02-13 03:07:30', '2020-02-13 03:07:30'),
	(301, 54, 4, NULL, NULL, NULL, NULL, 1, 0, 1, 0, NULL, '2020-02-13 03:07:30', '2020-02-13 03:07:30'),
	(302, 54, 5, NULL, NULL, NULL, NULL, 1, 0, 1, 0, NULL, '2020-02-13 03:07:30', '2020-02-13 03:07:30'),
	(303, 55, 1, NULL, NULL, NULL, NULL, 1, 0, 1, 0, NULL, '2020-02-13 03:07:30', '2020-02-15 12:46:44'),
	(304, 55, 2, NULL, NULL, NULL, NULL, 1, 0, 1, 0, NULL, '2020-02-13 03:07:30', '2020-02-15 12:46:46'),
	(305, 55, 3, NULL, NULL, NULL, NULL, 1, 0, 1, 0, NULL, '2020-02-13 03:07:30', '2020-02-15 12:46:47'),
	(306, 55, 4, NULL, NULL, NULL, NULL, 1, 0, 1, 0, NULL, '2020-02-13 03:07:30', '2020-02-15 12:46:49'),
	(307, 55, 5, NULL, NULL, NULL, NULL, 1, 0, 1, 0, NULL, '2020-02-13 03:07:30', '2020-02-15 12:46:51'),
	(308, 56, 1, NULL, NULL, NULL, NULL, 1, 0, 1, 0, NULL, '2020-02-13 03:07:30', '2020-02-13 03:07:30'),
	(309, 56, 2, NULL, NULL, NULL, NULL, 1, 0, 1, 0, NULL, '2020-02-13 03:07:30', '2020-02-13 03:07:30'),
	(310, 56, 3, NULL, NULL, NULL, NULL, 1, 0, 1, 0, NULL, '2020-02-13 03:07:30', '2020-02-13 03:07:30'),
	(311, 56, 4, NULL, NULL, NULL, NULL, 1, 0, 1, 0, NULL, '2020-02-13 03:07:31', '2020-02-13 03:07:31'),
	(312, 56, 5, NULL, NULL, NULL, NULL, 1, 0, 1, 0, NULL, '2020-02-13 03:07:31', '2020-02-13 03:07:31'),
	(313, 57, 1, NULL, NULL, NULL, NULL, 1, 0, 1, 0, NULL, '2020-02-13 03:07:31', '2020-02-13 03:07:31'),
	(314, 57, 2, NULL, NULL, NULL, NULL, 1, 0, 1, 0, NULL, '2020-02-13 03:07:31', '2020-02-13 03:07:31'),
	(315, 57, 3, NULL, NULL, NULL, NULL, 1, 0, 1, 0, NULL, '2020-02-13 03:07:31', '2020-02-13 03:07:31'),
	(316, 57, 4, NULL, NULL, NULL, NULL, 1, 0, 1, 0, NULL, '2020-02-13 03:07:31', '2020-02-13 03:07:31'),
	(317, 57, 5, NULL, NULL, NULL, NULL, 1, 0, 1, 0, NULL, '2020-02-13 03:07:31', '2020-02-13 03:07:31'),
	(318, 58, 1, NULL, NULL, NULL, NULL, 1, 0, 1, 0, NULL, '2020-02-13 03:07:31', '2020-02-13 03:07:31'),
	(319, 58, 2, NULL, NULL, NULL, NULL, 1, 0, 1, 0, NULL, '2020-02-13 03:07:31', '2020-02-13 03:07:31'),
	(320, 58, 3, NULL, NULL, NULL, NULL, 1, 0, 1, 0, NULL, '2020-02-13 03:07:31', '2020-02-13 03:07:31'),
	(321, 58, 4, NULL, NULL, NULL, NULL, 1, 0, 1, 0, NULL, '2020-02-13 03:07:31', '2020-02-13 03:07:31'),
	(322, 58, 5, NULL, NULL, NULL, NULL, 1, 0, 1, 0, NULL, '2020-02-13 03:07:31', '2020-02-13 03:07:31'),
	(323, 59, 1, NULL, NULL, NULL, NULL, 1, 0, 1, 0, NULL, '2020-02-13 03:07:31', '2020-02-13 03:07:31'),
	(324, 59, 2, NULL, NULL, NULL, NULL, 1, 0, 1, 0, NULL, '2020-02-13 03:07:31', '2020-02-13 03:07:31'),
	(325, 59, 3, NULL, NULL, NULL, NULL, 1, 0, 1, 0, NULL, '2020-02-13 03:07:31', '2020-02-13 03:07:31'),
	(326, 59, 4, NULL, NULL, NULL, NULL, 1, 0, 1, 0, NULL, '2020-02-13 03:07:31', '2020-02-13 03:07:31'),
	(327, 59, 5, NULL, NULL, NULL, NULL, 1, 0, 1, 0, NULL, '2020-02-13 03:07:31', '2020-02-13 03:07:31'),
	(328, 60, 1, NULL, NULL, NULL, NULL, 1, 0, 1, 0, NULL, '2020-02-13 03:07:31', '2020-02-13 03:07:31'),
	(329, 60, 2, NULL, NULL, NULL, NULL, 1, 0, 1, 0, NULL, '2020-02-13 03:07:31', '2020-02-13 03:07:31'),
	(330, 60, 3, NULL, NULL, NULL, NULL, 1, 0, 1, 0, NULL, '2020-02-13 03:07:31', '2020-02-13 03:07:31'),
	(331, 60, 4, NULL, NULL, NULL, NULL, 1, 0, 1, 0, NULL, '2020-02-13 03:07:31', '2020-02-13 03:07:31'),
	(332, 60, 5, NULL, NULL, NULL, NULL, 1, 0, 1, 0, NULL, '2020-02-13 03:07:31', '2020-02-13 03:07:31'),
	(333, 61, 1, NULL, NULL, NULL, NULL, 1, 0, 1, 0, NULL, '2020-02-13 03:07:31', '2020-02-13 03:07:31'),
	(334, 61, 2, NULL, NULL, NULL, NULL, 1, 0, 1, 0, NULL, '2020-02-13 03:07:32', '2020-02-13 03:07:32'),
	(335, 61, 3, NULL, NULL, NULL, NULL, 1, 0, 1, 0, NULL, '2020-02-13 03:07:32', '2020-02-13 03:07:32'),
	(336, 61, 4, NULL, NULL, NULL, NULL, 1, 0, 1, 0, NULL, '2020-02-13 03:07:32', '2020-02-13 03:07:32'),
	(337, 61, 5, NULL, NULL, NULL, NULL, 1, 0, 1, 0, NULL, '2020-02-13 03:07:32', '2020-02-13 03:07:32');
/*!40000 ALTER TABLE `infra_cassette_tx_rx` ENABLE KEYS */;

-- Export de la structure de la table gip. infra_colonne_ddf
DROP TABLE IF EXISTS `infra_colonne_ddf`;
CREATE TABLE IF NOT EXISTS `infra_colonne_ddf` (
  `id` int(10) unsigned NOT NULL AUTO_INCREMENT,
  `ddf_id` int(10) unsigned NOT NULL,
  `face_id` int(11) NOT NULL DEFAULT '1',
  `nbr_reglette_elm` int(11) NOT NULL,
  PRIMARY KEY (`id`),
  KEY `ddf_id` (`ddf_id`),
  CONSTRAINT `ddf_id` FOREIGN KEY (`ddf_id`) REFERENCES `infra_ddf` (`id`)
) ENGINE=InnoDB DEFAULT CHARSET=utf8mb4 COLLATE=utf8mb4_unicode_ci;

-- Export de données de la table gip.infra_colonne_ddf : ~0 rows (environ)
/*!40000 ALTER TABLE `infra_colonne_ddf` DISABLE KEYS */;
/*!40000 ALTER TABLE `infra_colonne_ddf` ENABLE KEYS */;

-- Export de la structure de la table gip. infra_ddf
DROP TABLE IF EXISTS `infra_ddf`;
CREATE TABLE IF NOT EXISTS `infra_ddf` (
  `id` int(10) unsigned NOT NULL AUTO_INCREMENT,
  `site_infra_id` int(10) unsigned NOT NULL,
  `ddf_type_id` int(10) unsigned DEFAULT NULL,
  `rack_identity` varchar(150) COLLATE utf8mb4_unicode_ci NOT NULL,
  `nbr_colonnes_v` int(11) NOT NULL,
  `connecteur_type` int(10) unsigned NOT NULL,
  `nbr_ports_exploite` int(11) DEFAULT NULL,
  `nbr_ports_libre` int(11) DEFAULT NULL,
  `nbr_elem_total` int(11) NOT NULL,
  `deleted_at` timestamp NULL DEFAULT NULL,
  `created_at` timestamp NULL DEFAULT NULL,
  `updated_at` timestamp NULL DEFAULT NULL,
  PRIMARY KEY (`id`),
  KEY `infra_ddf_ibfk_1_idx` (`site_infra_id`),
  KEY `ddf_type_id` (`ddf_type_id`),
  KEY `FK_infra_ddf_infra_type_connecteur_ddf` (`connecteur_type`),
  CONSTRAINT `FK_infra_ddf_infra_type_connecteur_ddf` FOREIGN KEY (`connecteur_type`) REFERENCES `infra_type_connecteur_ddf` (`id`),
  CONSTRAINT `ddf_type_id` FOREIGN KEY (`ddf_type_id`) REFERENCES `infra_ddf_type` (`id`),
  CONSTRAINT `infra_ddf_ibfk_1_idx` FOREIGN KEY (`site_infra_id`) REFERENCES `sites_infra` (`id`) ON DELETE CASCADE ON UPDATE CASCADE
) ENGINE=InnoDB DEFAULT CHARSET=utf8mb4 COLLATE=utf8mb4_unicode_ci;

-- Export de données de la table gip.infra_ddf : ~0 rows (environ)
/*!40000 ALTER TABLE `infra_ddf` DISABLE KEYS */;
/*!40000 ALTER TABLE `infra_ddf` ENABLE KEYS */;

-- Export de la structure de la table gip. infra_ddf_type
DROP TABLE IF EXISTS `infra_ddf_type`;
CREATE TABLE IF NOT EXISTS `infra_ddf_type` (
  `id` int(10) unsigned NOT NULL AUTO_INCREMENT,
  `name` varchar(40) COLLATE utf8mb4_unicode_ci NOT NULL,
  `deleted_at` timestamp NULL DEFAULT NULL,
  `created_at` timestamp NULL DEFAULT NULL,
  `updated_at` timestamp NULL DEFAULT NULL,
  PRIMARY KEY (`id`)
) ENGINE=InnoDB DEFAULT CHARSET=utf8mb4 COLLATE=utf8mb4_unicode_ci;

-- Export de données de la table gip.infra_ddf_type : ~0 rows (environ)
/*!40000 ALTER TABLE `infra_ddf_type` DISABLE KEYS */;
/*!40000 ALTER TABLE `infra_ddf_type` ENABLE KEYS */;

-- Export de la structure de la table gip. infra_demandeur_wo
DROP TABLE IF EXISTS `infra_demandeur_wo`;
CREATE TABLE IF NOT EXISTS `infra_demandeur_wo` (
  `id` int(10) unsigned NOT NULL AUTO_INCREMENT,
  `name` varchar(191) COLLATE utf8mb4_unicode_ci NOT NULL,
  PRIMARY KEY (`id`)
) ENGINE=InnoDB DEFAULT CHARSET=utf8mb4 COLLATE=utf8mb4_unicode_ci;

-- Export de données de la table gip.infra_demandeur_wo : ~0 rows (environ)
/*!40000 ALTER TABLE `infra_demandeur_wo` DISABLE KEYS */;
/*!40000 ALTER TABLE `infra_demandeur_wo` ENABLE KEYS */;

-- Export de la structure de la table gip. infra_environnement_equip
DROP TABLE IF EXISTS `infra_environnement_equip`;
CREATE TABLE IF NOT EXISTS `infra_environnement_equip` (
  `id` int(10) unsigned NOT NULL AUTO_INCREMENT,
  `name` varchar(50) COLLATE utf8mb4_unicode_ci NOT NULL,
  `deleted_at` timestamp NULL DEFAULT NULL,
  `created_at` timestamp NULL DEFAULT NULL,
  `updated_at` timestamp NULL DEFAULT NULL,
  PRIMARY KEY (`id`)
) ENGINE=InnoDB AUTO_INCREMENT=4 DEFAULT CHARSET=utf8mb4 COLLATE=utf8mb4_unicode_ci;

-- Export de données de la table gip.infra_environnement_equip : ~2 rows (environ)
/*!40000 ALTER TABLE `infra_environnement_equip` DISABLE KEYS */;
INSERT INTO `infra_environnement_equip` (`id`, `name`, `deleted_at`, `created_at`, `updated_at`) VALUES
	(1, 'Shelter en masonnerie', NULL, '2020-02-10 12:57:44', NULL),
	(2, 'Shelter classique', NULL, '2020-02-10 12:57:45', NULL),
	(3, 'MSC', NULL, '2020-02-10 12:58:06', NULL);
/*!40000 ALTER TABLE `infra_environnement_equip` ENABLE KEYS */;

-- Export de la structure de la table gip. infra_etat_tx_rx
DROP TABLE IF EXISTS `infra_etat_tx_rx`;
CREATE TABLE IF NOT EXISTS `infra_etat_tx_rx` (
  `id` int(10) unsigned NOT NULL AUTO_INCREMENT,
  `name` varchar(40) COLLATE utf8mb4_unicode_ci DEFAULT NULL,
  `color` varchar(191) COLLATE utf8mb4_unicode_ci DEFAULT NULL,
  PRIMARY KEY (`id`)
) ENGINE=InnoDB AUTO_INCREMENT=5 DEFAULT CHARSET=utf8mb4 COLLATE=utf8mb4_unicode_ci;

-- Export de données de la table gip.infra_etat_tx_rx : ~4 rows (environ)
/*!40000 ALTER TABLE `infra_etat_tx_rx` DISABLE KEYS */;
INSERT INTO `infra_etat_tx_rx` (`id`, `name`, `color`) VALUES
	(1, 'Libre', '<i class="fa fa-check" style="color:red"></i>'),
	(2, 'Exploité', '<i class="fa fa-check" style="color:green"></i>'),
	(3, 'Réservé', '<i class="fa fa-ban" style="color:red"></i>'),
	(4, 'Défectueux', '<i class="fa fa-exclamation" style="color:red"></i>');
/*!40000 ALTER TABLE `infra_etat_tx_rx` ENABLE KEYS */;

-- Export de la structure de la table gip. infra_etat_wo
DROP TABLE IF EXISTS `infra_etat_wo`;
CREATE TABLE IF NOT EXISTS `infra_etat_wo` (
  `id` int(10) unsigned NOT NULL AUTO_INCREMENT,
  `name` varchar(30) COLLATE utf8mb4_unicode_ci NOT NULL,
  PRIMARY KEY (`id`)
) ENGINE=InnoDB DEFAULT CHARSET=utf8mb4 COLLATE=utf8mb4_unicode_ci;

-- Export de données de la table gip.infra_etat_wo : ~0 rows (environ)
/*!40000 ALTER TABLE `infra_etat_wo` DISABLE KEYS */;
/*!40000 ALTER TABLE `infra_etat_wo` ENABLE KEYS */;

-- Export de la structure de la table gip. infra_feedback_wo
DROP TABLE IF EXISTS `infra_feedback_wo`;
CREATE TABLE IF NOT EXISTS `infra_feedback_wo` (
  `id` int(10) unsigned NOT NULL AUTO_INCREMENT,
  `users_id` int(10) unsigned NOT NULL,
  `texte` text COLLATE utf8mb4_unicode_ci NOT NULL,
  `work_order_id` int(10) unsigned NOT NULL,
  PRIMARY KEY (`id`),
  KEY `users_id` (`users_id`),
  KEY `work_order_id` (`work_order_id`),
  CONSTRAINT `work_order_id` FOREIGN KEY (`work_order_id`) REFERENCES `infra_wo` (`id`) ON DELETE CASCADE ON UPDATE CASCADE
) ENGINE=InnoDB DEFAULT CHARSET=utf8mb4 COLLATE=utf8mb4_unicode_ci;

-- Export de données de la table gip.infra_feedback_wo : ~0 rows (environ)
/*!40000 ALTER TABLE `infra_feedback_wo` DISABLE KEYS */;
/*!40000 ALTER TABLE `infra_feedback_wo` ENABLE KEYS */;

-- Export de la structure de la table gip. infra_fibre_optique_wo
DROP TABLE IF EXISTS `infra_fibre_optique_wo`;
CREATE TABLE IF NOT EXISTS `infra_fibre_optique_wo` (
  `id` int(10) unsigned NOT NULL AUTO_INCREMENT,
  `work_ordre_id` int(10) unsigned NOT NULL,
  `type_cable` varchar(191) COLLATE utf8mb4_unicode_ci NOT NULL,
  `longeur_b_b` varchar(191) COLLATE utf8mb4_unicode_ci NOT NULL,
  `denudage_cote_a` varchar(191) COLLATE utf8mb4_unicode_ci NOT NULL,
  `denudage_cote_b` varchar(191) COLLATE utf8mb4_unicode_ci NOT NULL,
  `decalage_cote_a` varchar(191) COLLATE utf8mb4_unicode_ci NOT NULL,
  `decalage_cote_b` varchar(191) COLLATE utf8mb4_unicode_ci NOT NULL,
  `quantite` varchar(191) COLLATE utf8mb4_unicode_ci NOT NULL,
  PRIMARY KEY (`id`),
  KEY `work_ordre_id` (`work_ordre_id`),
  CONSTRAINT `work_ordre_id` FOREIGN KEY (`work_ordre_id`) REFERENCES `infra_wo` (`id`) ON DELETE CASCADE ON UPDATE CASCADE
) ENGINE=InnoDB DEFAULT CHARSET=utf8mb4 COLLATE=utf8mb4_unicode_ci;

-- Export de données de la table gip.infra_fibre_optique_wo : ~0 rows (environ)
/*!40000 ALTER TABLE `infra_fibre_optique_wo` DISABLE KEYS */;
/*!40000 ALTER TABLE `infra_fibre_optique_wo` ENABLE KEYS */;

-- Export de la structure de la table gip. infra_file_site
DROP TABLE IF EXISTS `infra_file_site`;
CREATE TABLE IF NOT EXISTS `infra_file_site` (
  `id` int(10) unsigned NOT NULL AUTO_INCREMENT,
  `site_infra_id` int(10) unsigned NOT NULL,
  `url` varchar(50) COLLATE utf8mb4_unicode_ci NOT NULL DEFAULT '',
  `name` varchar(191) COLLATE utf8mb4_unicode_ci NOT NULL,
  `type` varchar(191) COLLATE utf8mb4_unicode_ci DEFAULT NULL,
  `data` blob,
  `created_at` timestamp NULL DEFAULT NULL,
  `updated_at` timestamp NULL DEFAULT NULL,
  PRIMARY KEY (`id`),
  KEY `site_idx` (`site_infra_id`),
  CONSTRAINT `site_idx` FOREIGN KEY (`site_infra_id`) REFERENCES `sites_infra` (`id`) ON DELETE CASCADE ON UPDATE CASCADE
) ENGINE=InnoDB DEFAULT CHARSET=utf8mb4 COLLATE=utf8mb4_unicode_ci;

-- Export de données de la table gip.infra_file_site : ~0 rows (environ)
/*!40000 ALTER TABLE `infra_file_site` DISABLE KEYS */;
/*!40000 ALTER TABLE `infra_file_site` ENABLE KEYS */;

-- Export de la structure de la table gip. infra_gouvernorat
DROP TABLE IF EXISTS `infra_gouvernorat`;
CREATE TABLE IF NOT EXISTS `infra_gouvernorat` (
  `id` int(10) unsigned NOT NULL AUTO_INCREMENT,
  `name` varchar(60) COLLATE utf8mb4_unicode_ci NOT NULL,
  `created_at` timestamp NULL DEFAULT NULL,
  `updated_at` timestamp NULL DEFAULT NULL,
  PRIMARY KEY (`id`)
) ENGINE=InnoDB AUTO_INCREMENT=5 DEFAULT CHARSET=utf8mb4 COLLATE=utf8mb4_unicode_ci;

-- Export de données de la table gip.infra_gouvernorat : ~3 rows (environ)
/*!40000 ALTER TABLE `infra_gouvernorat` DISABLE KEYS */;
INSERT INTO `infra_gouvernorat` (`id`, `name`, `created_at`, `updated_at`) VALUES
	(2, 'Sousse', '2020-02-10 12:59:02', NULL),
	(3, 'Sfax', '2020-02-10 12:59:04', NULL),
	(4, 'Tunis', '2020-02-10 12:59:04', NULL);
/*!40000 ALTER TABLE `infra_gouvernorat` ENABLE KEYS */;

-- Export de la structure de la table gip. infra_lovage_odf
DROP TABLE IF EXISTS `infra_lovage_odf`;
CREATE TABLE IF NOT EXISTS `infra_lovage_odf` (
  `id` int(10) unsigned NOT NULL AUTO_INCREMENT,
  `odf_id` int(10) unsigned NOT NULL,
  PRIMARY KEY (`id`),
  KEY `odf_id` (`odf_id`),
  CONSTRAINT `odf_id` FOREIGN KEY (`odf_id`) REFERENCES `infra_odf` (`id`)
) ENGINE=InnoDB DEFAULT CHARSET=utf8mb4 COLLATE=utf8mb4_unicode_ci;

-- Export de données de la table gip.infra_lovage_odf : ~0 rows (environ)
/*!40000 ALTER TABLE `infra_lovage_odf` DISABLE KEYS */;
/*!40000 ALTER TABLE `infra_lovage_odf` ENABLE KEYS */;

-- Export de la structure de la table gip. infra_marque_odf
DROP TABLE IF EXISTS `infra_marque_odf`;
CREATE TABLE IF NOT EXISTS `infra_marque_odf` (
  `id` int(10) unsigned NOT NULL AUTO_INCREMENT,
  `name` varchar(191) COLLATE utf8mb4_unicode_ci NOT NULL,
  `nombre_ports` int(11) DEFAULT NULL,
  `deleted_at` timestamp NULL DEFAULT NULL,
  `created_at` timestamp NULL DEFAULT NULL,
  `updated_at` timestamp NULL DEFAULT NULL,
  PRIMARY KEY (`id`)
) ENGINE=InnoDB AUTO_INCREMENT=6 DEFAULT CHARSET=utf8mb4 COLLATE=utf8mb4_unicode_ci;

-- Export de données de la table gip.infra_marque_odf : ~2 rows (environ)
/*!40000 ALTER TABLE `infra_marque_odf` DISABLE KEYS */;
INSERT INTO `infra_marque_odf` (`id`, `name`, `nombre_ports`, `deleted_at`, `created_at`, `updated_at`) VALUES
	(4, 'NEC', 20, NULL, '2020-02-11 00:53:14', '2019-11-15 15:43:37'),
	(5, 'Nexans', 30, NULL, '2020-02-11 00:53:14', '2019-11-15 15:43:30');
/*!40000 ALTER TABLE `infra_marque_odf` ENABLE KEYS */;

-- Export de la structure de la table gip. infra_odf
DROP TABLE IF EXISTS `infra_odf`;
CREATE TABLE IF NOT EXISTS `infra_odf` (
  `id` int(10) unsigned NOT NULL AUTO_INCREMENT,
  `site_infra_id` int(10) unsigned NOT NULL,
  `salle_id` int(10) unsigned DEFAULT NULL,
  `rack_identity` varchar(150) COLLATE utf8mb4_unicode_ci NOT NULL,
  `nbr_plateaux` int(11) DEFAULT NULL,
  `marque_odf_id` int(10) unsigned NOT NULL,
  `nbr_cassettes_plateau` int(11) DEFAULT NULL,
  `nombre_port_casette` int(11) DEFAULT NULL,
  `nbr_ports_total` int(11) DEFAULT NULL,
  `nbr_tiroirs_lovage` int(11) DEFAULT NULL,
  `nb_ports_exploited` int(11) DEFAULT NULL,
  `nb_ports_libres` int(11) DEFAULT NULL,
  `connecteur_odf` int(10) unsigned DEFAULT NULL,
  `nb_ports_defectueux` int(11) DEFAULT NULL,
  `type_odf_id` int(10) unsigned DEFAULT NULL,
  `nb_workorder` int(11) DEFAULT NULL,
  `deleted_at` timestamp NULL DEFAULT NULL,
  `created_at` timestamp NULL DEFAULT NULL,
  `updated_at` timestamp NULL DEFAULT NULL,
  PRIMARY KEY (`id`),
  KEY `marque_odf_id` (`marque_odf_id`),
  KEY `FK_infra_odf_salle` (`salle_id`),
  KEY `site_infra_id_infra_odf` (`site_infra_id`),
  KEY `type_odf_id` (`type_odf_id`),
  KEY `connecteur_ODF` (`connecteur_odf`),
  CONSTRAINT `FK_infra_odf_salle` FOREIGN KEY (`salle_id`) REFERENCES `infra_salles_site` (`id`) ON DELETE CASCADE ON UPDATE CASCADE,
  CONSTRAINT `connecteur_ODF` FOREIGN KEY (`connecteur_odf`) REFERENCES `infra_type_connecteur_odf` (`id`),
  CONSTRAINT `marque_odf_id` FOREIGN KEY (`marque_odf_id`) REFERENCES `infra_marque_odf` (`id`),
  CONSTRAINT `site_infra_id_infra_odf` FOREIGN KEY (`site_infra_id`) REFERENCES `sites_infra` (`id`) ON DELETE CASCADE ON UPDATE CASCADE,
  CONSTRAINT `type_odf_id` FOREIGN KEY (`type_odf_id`) REFERENCES `infra_type_odf` (`id`) ON DELETE SET NULL ON UPDATE CASCADE
) ENGINE=InnoDB AUTO_INCREMENT=19038 DEFAULT CHARSET=utf8mb4 COLLATE=utf8mb4_unicode_ci;

-- Export de données de la table gip.infra_odf : ~512 rows (environ)
/*!40000 ALTER TABLE `infra_odf` DISABLE KEYS */;
INSERT INTO `infra_odf` (`id`, `site_infra_id`, `salle_id`, `rack_identity`, `nbr_plateaux`, `marque_odf_id`, `nbr_cassettes_plateau`, `nombre_port_casette`, `nbr_ports_total`, `nbr_tiroirs_lovage`, `nb_ports_exploited`, `nb_ports_libres`, `connecteur_odf`, `nb_ports_defectueux`, `type_odf_id`, `nb_workorder`, `deleted_at`, `created_at`, `updated_at`) VALUES
	(18519, 2026, NULL, 'Rack_513', 2, 4, 0, 0, 4, 1, 1, 0, 3, NULL, 4, NULL, NULL, '2019-11-21 09:46:20', '2020-02-11 00:08:47'),
	(18520, 2031, NULL, 'Rack_174', 2, 4, 3, 0, 2, 9, 0, 9, 3, NULL, 1, NULL, NULL, '2019-11-21 09:46:20', '2019-11-21 09:46:20'),
	(18521, 2026, NULL, 'Rack_986', 3, 4, 5, 0, 2, 6, 2, 2, 3, NULL, 4, NULL, NULL, '2019-11-21 09:46:20', '2019-11-21 09:46:20'),
	(18522, 2031, NULL, 'Rack_797', 1, 4, 0, 0, 3, 4, 1, 7, 3, NULL, 4, NULL, NULL, '2019-11-21 09:46:20', '2020-02-11 00:09:06'),
	(18523, 2023, NULL, 'Rack_985', 1, 4, 8, 0, 6, 0, 2, 2, 3, NULL, 3, NULL, NULL, '2019-11-21 09:46:20', '2019-11-21 09:46:20'),
	(18524, 2023, NULL, 'Rack_688', 3, 4, 5, 0, 9, 4, 7, 0, 3, NULL, 5, NULL, NULL, '2019-11-21 09:46:20', '2019-11-21 09:46:20'),
	(18525, 2026, NULL, 'Rack_784', 8, 4, 2, 0, 5, 9, 5, 3, 3, NULL, 2, NULL, NULL, '2019-11-21 09:46:20', '2019-11-21 09:46:20'),
	(18526, 2026, NULL, 'Rack_464', 6, 4, 2, 0, 3, 5, 5, 6, 3, NULL, 3, NULL, NULL, '2019-11-21 09:46:20', '2019-11-21 09:46:20'),
	(18527, 2030, NULL, 'Rack_849', 2, 4, 1, 0, 5, 5, 7, 7, 3, NULL, 1, NULL, NULL, '2019-11-21 09:46:20', '2019-11-21 09:46:20'),
	(18528, 2026, NULL, 'Rack_349', 8, 4, 4, 0, 8, 8, 8, 3, 3, NULL, 2, NULL, NULL, '2019-11-21 09:46:20', '2019-11-21 09:46:20'),
	(18529, 2039, NULL, 'Rack_518', 0, 4, 8, 0, 5, 3, 8, 6, 3, NULL, 1, NULL, NULL, '2019-11-21 09:46:20', '2019-11-21 09:46:20'),
	(18530, 2036, NULL, 'Rack_943', 5, 4, 3, 0, 8, 8, 5, 1, 3, NULL, 5, NULL, NULL, '2019-11-21 09:46:20', '2019-11-21 09:46:20'),
	(18531, 2036, NULL, 'Rack_165', 8, 4, 4, 0, 8, 8, 3, 4, 3, NULL, 5, NULL, NULL, '2019-11-21 09:46:20', '2019-11-21 09:46:20'),
	(18532, 2038, NULL, 'Rack_980', 9, 4, 4, 0, 8, 7, 7, 6, 3, NULL, 5, NULL, NULL, '2019-11-21 09:46:20', '2019-11-21 09:46:20'),
	(18533, 2025, NULL, 'Rack_236', 8, 4, 5, 0, 1, 2, 6, 3, 3, NULL, 1, NULL, NULL, '2019-11-21 09:46:20', '2019-11-21 09:46:20'),
	(18534, 2028, NULL, 'Rack_336', 5, 4, 6, 0, 5, 1, 0, 5, 3, NULL, 2, NULL, NULL, '2019-11-21 09:46:20', '2019-11-21 09:46:20'),
	(18535, 2036, NULL, 'Rack_977', 4, 4, 2, 0, 3, 4, 3, 9, 3, NULL, 2, NULL, NULL, '2019-11-21 09:46:20', '2019-11-21 09:46:20'),
	(18536, 2038, NULL, 'Rack_588', 0, 4, 7, 0, 4, 5, 4, 9, 3, NULL, 2, NULL, NULL, '2019-11-21 09:46:20', '2019-11-21 09:46:20'),
	(18537, 2035, NULL, 'Rack_995', 3, 4, 3, 0, 6, 1, 5, 4, 3, NULL, 5, NULL, NULL, '2019-11-21 09:46:20', '2019-11-21 09:46:20'),
	(18538, 2034, NULL, 'Rack_111', 4, 4, 7, 0, 7, 4, 4, 3, 3, NULL, 5, NULL, NULL, '2019-11-21 09:46:20', '2019-11-21 09:46:20'),
	(18539, 2031, NULL, 'Rack_742', 7, 4, 0, 0, 3, 5, 0, 3, 3, NULL, 4, NULL, NULL, '2019-11-21 09:46:20', '2019-11-21 09:46:20'),
	(18540, 2038, NULL, 'Rack_181', 3, 4, 3, 0, 3, 2, 8, 6, 3, NULL, 2, NULL, NULL, '2019-11-21 09:46:20', '2019-11-21 09:46:20'),
	(18541, 2044, NULL, 'Rack_1000', 5, 4, 6, 0, 3, 0, 5, 8, 3, NULL, 1, NULL, NULL, '2019-11-21 09:46:20', '2019-11-21 09:46:20'),
	(18542, 2026, NULL, 'Rack_321', 3, 4, 7, 0, 6, 6, 5, 6, 3, NULL, 3, NULL, NULL, '2019-11-21 09:46:20', '2019-11-21 09:46:20'),
	(18543, 2023, NULL, 'Rack_260', 2, 4, 3, 0, 2, 0, 4, 3, 3, NULL, 3, NULL, NULL, '2019-11-21 09:46:20', '2019-11-21 09:46:20'),
	(18544, 2044, NULL, 'Rack_538', 2, 4, 7, 0, 0, 4, 9, 9, 3, NULL, 3, NULL, NULL, '2019-11-21 09:46:20', '2019-11-21 09:46:20'),
	(18545, 2044, NULL, 'Rack_790', 5, 4, 0, 0, 0, 3, 2, 9, 3, NULL, 2, NULL, NULL, '2019-11-21 09:46:20', '2019-11-21 09:46:20'),
	(18546, 2025, NULL, 'Rack_815', 7, 4, 1, 0, 2, 4, 9, 0, 3, NULL, 2, NULL, NULL, '2019-11-21 09:46:20', '2019-11-21 09:46:20'),
	(18547, 2024, NULL, 'Rack_609', 8, 4, 4, 0, 2, 2, 0, 6, 3, NULL, 5, NULL, NULL, '2019-11-21 09:46:20', '2019-11-21 09:46:20'),
	(18548, 2031, NULL, 'Rack_312', 0, 4, 0, 0, 1, 4, 6, 1, 3, NULL, 4, NULL, NULL, '2019-11-21 09:46:20', '2019-11-21 09:46:20'),
	(18549, 2035, NULL, 'Rack_402', 7, 4, 9, 0, 8, 1, 5, 3, 3, NULL, 5, NULL, NULL, '2019-11-21 09:46:20', '2019-11-21 09:46:20'),
	(18550, 2034, NULL, 'Rack_181', 7, 4, 5, 0, 0, 7, 4, 0, 3, NULL, 1, NULL, NULL, '2019-11-21 09:46:20', '2019-11-21 09:46:20'),
	(18551, 2039, NULL, 'Rack_957', 6, 4, 6, 0, 8, 5, 2, 9, 3, NULL, 4, NULL, NULL, '2019-11-21 09:46:20', '2019-11-21 09:46:20'),
	(18552, 2024, NULL, 'Rack_232', 6, 4, 9, 0, 7, 9, 9, 0, 3, NULL, 3, NULL, NULL, '2019-11-21 09:46:20', '2019-11-21 09:46:20'),
	(18553, 2044, NULL, 'Rack_554', 1, 4, 6, 0, 4, 4, 7, 7, 3, NULL, 3, NULL, NULL, '2019-11-21 09:46:20', '2019-11-21 09:46:20'),
	(18554, 2029, NULL, 'Rack_872', 8, 4, 2, 0, 9, 5, 7, 7, 3, NULL, 2, NULL, NULL, '2019-11-21 09:46:20', '2019-11-21 09:46:20'),
	(18555, 2040, NULL, 'Rack_841', 7, 4, 9, 0, 6, 3, 6, 1, 3, NULL, 1, NULL, NULL, '2019-11-21 09:46:20', '2019-11-21 09:46:20'),
	(18556, 2027, NULL, 'Rack_552', 2, 4, 0, 0, 7, 4, 1, 3, 3, NULL, 5, NULL, NULL, '2019-11-21 09:46:20', '2019-11-21 09:46:20'),
	(18557, 2029, NULL, 'Rack_294', 7, 4, 0, 0, 2, 2, 3, 5, 3, NULL, 2, NULL, NULL, '2019-11-21 09:46:20', '2019-11-21 09:46:20'),
	(18558, 2032, NULL, 'Rack_784', 6, 4, 3, 0, 7, 0, 4, 7, 3, NULL, 4, NULL, NULL, '2019-11-21 09:46:20', '2019-11-21 09:46:20'),
	(18559, 2036, NULL, 'Rack_333', 0, 4, 5, 0, 8, 8, 8, 3, 3, NULL, 2, NULL, NULL, '2019-11-21 09:46:20', '2019-11-21 09:46:20'),
	(18560, 2031, NULL, 'Rack_346', 1, 4, 6, 0, 1, 4, 6, 8, 3, NULL, 1, NULL, NULL, '2019-11-21 09:46:20', '2019-11-21 09:46:20'),
	(18561, 2034, NULL, 'Rack_956', 9, 4, 8, 0, 8, 3, 3, 5, 3, NULL, 3, NULL, NULL, '2019-11-21 09:46:20', '2019-11-21 09:46:20'),
	(18562, 2030, NULL, 'Rack_380', 9, 4, 7, 0, 6, 8, 3, 7, 3, NULL, 4, NULL, NULL, '2019-11-21 09:46:20', '2019-11-21 09:46:20'),
	(18563, 2031, NULL, 'Rack_810', 5, 4, 4, 0, 1, 2, 6, 4, 3, NULL, 4, NULL, NULL, '2019-11-21 09:46:20', '2019-11-21 09:46:20'),
	(18564, 2028, NULL, 'Rack_392', 2, 4, 3, 0, 1, 5, 1, 1, 3, NULL, 1, NULL, NULL, '2019-11-21 09:46:20', '2019-11-21 09:46:20'),
	(18565, 2029, NULL, 'Rack_208', 2, 4, 3, 0, 0, 5, 8, 3, 3, NULL, 1, NULL, NULL, '2019-11-21 09:46:20', '2019-11-21 09:46:20'),
	(18566, 2038, NULL, 'Rack_629', 3, 4, 0, 0, 8, 2, 5, 1, 3, NULL, 1, NULL, NULL, '2019-11-21 09:46:20', '2019-11-21 09:46:20'),
	(18567, 2038, NULL, 'Rack_485', 5, 4, 8, 0, 1, 0, 0, 9, 3, NULL, 2, NULL, NULL, '2019-11-21 09:46:20', '2019-11-21 09:46:20'),
	(18568, 2041, NULL, 'Rack_663', 7, 4, 6, 0, 3, 2, 0, 7, 3, NULL, 4, NULL, NULL, '2019-11-21 09:46:20', '2019-11-21 09:46:20'),
	(18569, 2034, NULL, 'Rack_716', 5, 4, 4, 0, 2, 1, 2, 2, 3, NULL, 1, NULL, NULL, '2019-11-21 09:46:20', '2019-11-21 09:46:20'),
	(18570, 2025, NULL, 'Rack_430', 7, 4, 3, 0, 1, 5, 8, 7, 3, NULL, 3, NULL, NULL, '2019-11-21 09:46:20', '2019-11-21 09:46:20'),
	(18571, 2044, NULL, 'Rack_158', 7, 4, 3, 0, 4, 6, 2, 0, 3, NULL, 5, NULL, NULL, '2019-11-21 09:46:20', '2019-11-21 09:46:20'),
	(18572, 2044, NULL, 'Rack_666', 2, 4, 9, 0, 8, 0, 3, 8, 3, NULL, 1, NULL, NULL, '2019-11-21 09:46:20', '2019-11-21 09:46:20'),
	(18573, 2041, NULL, 'Rack_932', 8, 4, 2, 0, 0, 6, 6, 6, 3, NULL, 3, NULL, NULL, '2019-11-21 09:46:20', '2019-11-21 09:46:20'),
	(18574, 2038, NULL, 'Rack_537', 0, 4, 7, 0, 1, 5, 9, 5, 3, NULL, 5, NULL, NULL, '2019-11-21 09:46:20', '2019-11-21 09:46:20'),
	(18575, 2033, NULL, 'Rack_301', 4, 4, 5, 0, 8, 9, 8, 2, 3, NULL, 5, NULL, NULL, '2019-11-21 09:46:20', '2019-11-21 09:46:20'),
	(18576, 2027, NULL, 'Rack_957', 2, 4, 3, 0, 6, 5, 5, 0, 3, NULL, 3, NULL, NULL, '2019-11-21 09:46:20', '2019-11-21 09:46:20'),
	(18577, 2036, NULL, 'Rack_274', 9, 4, 9, 0, 6, 9, 0, 4, 3, NULL, 1, NULL, NULL, '2019-11-21 09:46:20', '2019-11-21 09:46:20'),
	(18578, 2044, NULL, 'Rack_211', 7, 4, 7, 0, 3, 4, 7, 3, 3, NULL, 4, NULL, NULL, '2019-11-21 09:46:20', '2019-11-21 09:46:20'),
	(18579, 2025, NULL, 'Rack_879', 3, 4, 0, 0, 7, 0, 7, 5, 3, NULL, 4, NULL, NULL, '2019-11-21 09:46:20', '2019-11-21 09:46:20'),
	(18580, 2039, NULL, 'Rack_879', 2, 4, 2, 0, 4, 9, 5, 9, 3, NULL, 2, NULL, NULL, '2019-11-21 09:46:20', '2019-11-21 09:46:20'),
	(18581, 2028, NULL, 'Rack_226', 8, 4, 9, 0, 5, 1, 4, 8, 3, NULL, 2, NULL, NULL, '2019-11-21 09:46:20', '2019-11-21 09:46:20'),
	(18582, 2027, NULL, 'Rack_604', 2, 4, 3, 0, 2, 2, 8, 4, 3, NULL, 5, NULL, NULL, '2019-11-21 09:46:20', '2019-11-21 09:46:20'),
	(18583, 2024, NULL, 'Rack_381', 3, 4, 6, 0, 6, 1, 3, 5, 3, NULL, 3, NULL, NULL, '2019-11-21 09:46:20', '2019-11-21 09:46:20'),
	(18584, 2031, NULL, 'Rack_779', 5, 4, 1, 0, 9, 5, 4, 6, 3, NULL, 3, NULL, NULL, '2019-11-21 09:46:20', '2019-11-21 09:46:20'),
	(18585, 2026, NULL, 'Rack_212', 5, 4, 9, 0, 7, 3, 9, 0, 3, NULL, 2, NULL, NULL, '2019-11-21 09:46:20', '2019-11-21 09:46:20'),
	(18586, 2035, NULL, 'Rack_477', 4, 4, 4, 0, 3, 5, 9, 1, 3, NULL, 3, NULL, NULL, '2019-11-21 09:46:20', '2019-11-21 09:46:20'),
	(18587, 2039, NULL, 'Rack_477', 1, 4, 1, 0, 6, 0, 3, 0, 3, NULL, 3, NULL, NULL, '2019-11-21 09:46:20', '2019-11-21 09:46:20'),
	(18588, 2040, NULL, 'Rack_913', 0, 4, 5, 0, 6, 5, 9, 5, 3, NULL, 4, NULL, NULL, '2019-11-21 09:46:20', '2019-11-21 09:46:20'),
	(18589, 2023, NULL, 'Rack_111', 5, 4, 5, 0, 6, 9, 7, 0, 3, NULL, 1, NULL, NULL, '2019-11-21 09:46:20', '2019-11-21 09:46:20'),
	(18590, 2039, NULL, 'Rack_738', 1, 4, 8, 0, 1, 2, 7, 0, 3, NULL, 3, NULL, NULL, '2019-11-21 09:46:20', '2019-11-21 09:46:20'),
	(18591, 2023, NULL, 'Rack_945', 3, 4, 3, 0, 5, 0, 3, 0, 3, NULL, 5, NULL, NULL, '2019-11-21 09:46:20', '2019-11-21 09:46:20'),
	(18592, 2032, NULL, 'Rack_269', 2, 4, 4, 0, 6, 7, 6, 1, 3, NULL, 1, NULL, NULL, '2019-11-21 09:46:20', '2019-11-21 09:46:20'),
	(18593, 2026, NULL, 'Rack_466', 8, 4, 2, 0, 9, 3, 3, 4, 3, NULL, 3, NULL, NULL, '2019-11-21 09:46:20', '2019-11-21 09:46:20'),
	(18594, 2027, NULL, 'Rack_688', 3, 4, 6, 0, 8, 1, 3, 4, 3, NULL, 3, NULL, NULL, '2019-11-21 09:46:21', '2019-11-21 09:46:21'),
	(18595, 2032, NULL, 'Rack_938', 9, 4, 9, 0, 1, 9, 9, 7, 3, NULL, 5, NULL, NULL, '2019-11-21 09:46:21', '2019-11-21 09:46:21'),
	(18596, 2037, NULL, 'Rack_113', 4, 4, 6, 0, 8, 5, 8, 5, 3, NULL, 4, NULL, NULL, '2019-11-21 09:46:21', '2019-11-21 09:46:21'),
	(18597, 2043, NULL, 'Rack_760', 1, 4, 0, 0, 3, 2, 7, 8, 3, NULL, 2, NULL, NULL, '2019-11-21 09:46:21', '2019-11-21 09:46:21'),
	(18598, 2025, NULL, 'Rack_531', 0, 4, 1, 0, 2, 3, 8, 4, 3, NULL, 1, NULL, NULL, '2019-11-21 09:46:21', '2019-11-21 09:46:21'),
	(18599, 2029, NULL, 'Rack_122', 0, 4, 5, 0, 6, 0, 1, 2, 3, NULL, 1, NULL, NULL, '2019-11-21 09:46:21', '2019-11-21 09:46:21'),
	(18600, 2042, NULL, 'Rack_173', 9, 4, 0, 0, 4, 9, 8, 0, 3, NULL, 5, NULL, NULL, '2019-11-21 09:46:21', '2019-11-21 09:46:21'),
	(18601, 2040, NULL, 'Rack_434', 1, 4, 0, 0, 0, 4, 8, 6, 3, NULL, 2, NULL, NULL, '2019-11-21 09:46:21', '2019-11-21 09:46:21'),
	(18602, 2031, NULL, 'Rack_645', 6, 4, 8, 0, 5, 3, 4, 9, 3, NULL, 1, NULL, NULL, '2019-11-21 09:46:21', '2019-11-21 09:46:21'),
	(18603, 2035, NULL, 'Rack_385', 8, 4, 9, 0, 6, 2, 5, 1, 3, NULL, 2, NULL, NULL, '2019-11-21 09:46:21', '2019-11-21 09:46:21'),
	(18604, 2026, NULL, 'Rack_748', 6, 4, 1, 0, 3, 4, 4, 9, 3, NULL, 2, NULL, NULL, '2019-11-21 09:46:21', '2019-11-21 09:46:21'),
	(18605, 2033, NULL, 'Rack_816', 1, 4, 6, 0, 6, 2, 4, 9, 3, NULL, 5, NULL, NULL, '2019-11-21 09:46:21', '2019-11-21 09:46:21'),
	(18606, 2033, NULL, 'Rack_757', 0, 4, 8, 0, 7, 8, 8, 3, 3, NULL, 4, NULL, NULL, '2019-11-21 09:46:21', '2019-11-21 09:46:21'),
	(18607, 2044, NULL, 'Rack_350', 5, 4, 5, 0, 6, 9, 6, 5, 3, NULL, 4, NULL, NULL, '2019-11-21 09:46:21', '2019-11-21 09:46:21'),
	(18608, 2031, NULL, 'Rack_690', 5, 4, 4, 0, 8, 0, 6, 3, 3, NULL, 5, NULL, NULL, '2019-11-21 09:46:21', '2019-11-21 09:46:21'),
	(18609, 2040, NULL, 'Rack_955', 1, 4, 0, 0, 3, 5, 8, 9, 3, NULL, 2, NULL, NULL, '2019-11-21 09:46:21', '2019-11-21 09:46:21'),
	(18610, 2042, NULL, 'Rack_238', 9, 4, 3, 0, 5, 5, 1, 2, 3, NULL, 5, NULL, NULL, '2019-11-21 09:46:21', '2019-11-21 09:46:21'),
	(18611, 2027, NULL, 'Rack_248', 3, 4, 2, 0, 4, 9, 1, 0, 3, NULL, 3, NULL, NULL, '2019-11-21 09:46:21', '2019-11-21 09:46:21'),
	(18612, 2037, NULL, 'Rack_622', 8, 4, 4, 0, 4, 8, 9, 3, 3, NULL, 3, NULL, NULL, '2019-11-21 09:46:21', '2019-11-21 09:46:21'),
	(18613, 2032, NULL, 'Rack_553', 8, 4, 8, 0, 2, 4, 9, 3, 3, NULL, 1, NULL, NULL, '2019-11-21 09:46:21', '2019-11-21 09:46:21'),
	(18614, 2034, NULL, 'Rack_945', 9, 4, 7, 0, 7, 5, 7, 3, 3, NULL, 2, NULL, NULL, '2019-11-21 09:46:21', '2019-11-21 09:46:21'),
	(18615, 2028, NULL, 'Rack_296', 5, 4, 4, 0, 9, 4, 4, 5, 3, NULL, 2, NULL, NULL, '2019-11-21 09:46:21', '2019-11-21 09:46:21'),
	(18616, 2034, NULL, 'Rack_713', 1, 4, 7, 0, 4, 0, 0, 2, 3, NULL, 5, NULL, NULL, '2019-11-21 09:46:21', '2019-11-21 09:46:21'),
	(18617, 2027, NULL, 'Rack_680', 3, 4, 4, 0, 9, 6, 5, 6, 3, NULL, 3, NULL, NULL, '2019-11-21 09:46:21', '2019-11-21 09:46:21'),
	(18618, 2042, NULL, 'Rack_372', 0, 4, 0, 0, 9, 8, 9, 4, 3, NULL, 2, NULL, NULL, '2019-11-21 09:46:21', '2019-11-21 09:46:21'),
	(18619, 2024, NULL, 'Rack_330', 2, 4, 6, 0, 4, 6, 8, 1, 3, NULL, 1, NULL, NULL, '2019-11-21 09:46:21', '2019-11-21 09:46:21'),
	(18620, 2034, NULL, 'Rack_832', 6, 4, 1, 0, 8, 2, 2, 5, 3, NULL, 1, NULL, NULL, '2019-11-21 09:46:21', '2019-11-21 09:46:21'),
	(18621, 2033, NULL, 'Rack_287', 1, 4, 0, 0, 8, 3, 6, 5, 3, NULL, 2, NULL, NULL, '2019-11-21 09:46:21', '2019-11-21 09:46:21'),
	(18622, 2023, NULL, 'Rack_385', 4, 4, 6, 0, 1, 3, 7, 8, 3, NULL, 2, NULL, NULL, '2019-11-21 09:46:21', '2019-11-21 09:46:21'),
	(18623, 2036, NULL, 'Rack_548', 4, 4, 4, 0, 6, 5, 8, 1, 3, NULL, 5, NULL, NULL, '2019-11-21 09:46:21', '2019-11-21 09:46:21'),
	(18624, 2027, NULL, 'Rack_990', 8, 4, 8, 0, 8, 4, 4, 4, 3, NULL, 5, NULL, NULL, '2019-11-21 09:46:21', '2019-11-21 09:46:21'),
	(18625, 2041, NULL, 'Rack_717', 3, 4, 8, 0, 8, 8, 8, 5, 3, NULL, 4, NULL, NULL, '2019-11-21 09:46:21', '2019-11-21 09:46:21'),
	(18626, 2030, NULL, 'Rack_611', 6, 4, 7, 0, 1, 9, 6, 3, 3, NULL, 4, NULL, NULL, '2019-11-21 09:46:21', '2019-11-21 09:46:21'),
	(18627, 2028, NULL, 'Rack_648', 2, 4, 8, 0, 5, 1, 9, 1, 3, NULL, 3, NULL, NULL, '2019-11-21 09:46:21', '2019-11-21 09:46:21'),
	(18628, 2033, NULL, 'Rack_307', 1, 4, 8, 0, 3, 0, 4, 1, 3, NULL, 3, NULL, NULL, '2019-11-21 09:46:21', '2019-11-21 09:46:21'),
	(18629, 2041, NULL, 'Rack_347', 1, 4, 5, 0, 6, 7, 3, 6, 3, NULL, 4, NULL, NULL, '2019-11-21 09:46:21', '2019-11-21 09:46:21'),
	(18630, 2030, NULL, 'Rack_276', 4, 4, 9, 0, 1, 5, 5, 5, 3, NULL, 5, NULL, NULL, '2019-11-21 09:46:21', '2019-11-21 09:46:21'),
	(18631, 2023, NULL, 'Rack_303', 3, 4, 1, 0, 7, 3, 2, 0, 3, NULL, 1, NULL, NULL, '2019-11-21 09:46:21', '2019-11-21 09:46:21'),
	(18632, 2024, NULL, 'Rack_404', 0, 4, 4, 0, 0, 5, 8, 8, 3, NULL, 1, NULL, NULL, '2019-11-21 09:46:21', '2019-11-21 09:46:21'),
	(18633, 2037, NULL, 'Rack_372', 7, 4, 1, 0, 3, 2, 8, 1, 3, NULL, 3, NULL, NULL, '2019-11-21 09:46:21', '2019-11-21 09:46:21'),
	(18634, 2030, NULL, 'Rack_961', 9, 4, 9, 0, 7, 6, 0, 3, 3, NULL, 4, NULL, NULL, '2019-11-21 09:46:21', '2019-11-21 09:46:21'),
	(18635, 2041, NULL, 'Rack_856', 8, 4, 3, 0, 5, 1, 9, 1, 3, NULL, 2, NULL, NULL, '2019-11-21 09:46:21', '2019-11-21 09:46:21'),
	(18636, 2034, NULL, 'Rack_714', 8, 4, 4, 0, 6, 8, 3, 7, 3, NULL, 4, NULL, NULL, '2019-11-21 09:46:21', '2019-11-21 09:46:21'),
	(18637, 2026, NULL, 'Rack_568', 3, 4, 9, 0, 1, 0, 2, 5, 3, NULL, 3, NULL, NULL, '2019-11-21 09:46:21', '2019-11-21 09:46:21'),
	(18638, 2040, NULL, 'Rack_288', 2, 4, 4, 0, 3, 1, 6, 3, 3, NULL, 3, NULL, NULL, '2019-11-21 09:46:21', '2019-11-21 09:46:21'),
	(18639, 2031, NULL, 'Rack_316', 3, 4, 2, 0, 7, 8, 7, 0, 3, NULL, 5, NULL, NULL, '2019-11-21 09:46:21', '2019-11-21 09:46:21'),
	(18640, 2044, NULL, 'Rack_439', 2, 4, 5, 0, 1, 6, 3, 8, 3, NULL, 3, NULL, NULL, '2019-11-21 09:46:21', '2019-11-21 09:46:21'),
	(18641, 2032, NULL, 'Rack_648', 3, 4, 9, 0, 6, 7, 3, 2, 3, NULL, 3, NULL, NULL, '2019-11-21 09:46:21', '2019-11-21 09:46:21'),
	(18642, 2039, NULL, 'Rack_724', 7, 4, 4, 0, 6, 5, 5, 4, 3, NULL, 1, NULL, NULL, '2019-11-21 09:46:21', '2019-11-21 09:46:21'),
	(18643, 2043, NULL, 'Rack_888', 3, 4, 7, 0, 4, 1, 5, 7, 3, NULL, 2, NULL, NULL, '2019-11-21 09:46:21', '2019-11-21 09:46:21'),
	(18644, 2024, NULL, 'Rack_582', 6, 4, 8, 0, 4, 2, 5, 0, 3, NULL, 5, NULL, NULL, '2019-11-21 09:46:21', '2019-11-21 09:46:21'),
	(18645, 2030, NULL, 'Rack_502', 8, 4, 0, 0, 7, 6, 6, 9, 3, NULL, 2, NULL, NULL, '2019-11-21 09:46:21', '2019-11-21 09:46:21'),
	(18646, 2026, NULL, 'Rack_151', 4, 4, 3, 0, 5, 8, 5, 7, 3, NULL, 5, NULL, NULL, '2019-11-21 09:46:21', '2019-11-21 09:46:21'),
	(18647, 2038, NULL, 'Rack_565', 5, 4, 5, 0, 6, 4, 3, 3, 3, NULL, 2, NULL, NULL, '2019-11-21 09:46:21', '2019-11-21 09:46:21'),
	(18648, 2035, NULL, 'Rack_699', 2, 4, 3, 0, 4, 1, 9, 5, 3, NULL, 2, NULL, NULL, '2019-11-21 09:46:21', '2019-11-21 09:46:21'),
	(18649, 2031, NULL, 'Rack_818', 0, 4, 1, 0, 1, 7, 4, 6, 3, NULL, 1, NULL, NULL, '2019-11-21 09:46:21', '2019-11-21 09:46:21'),
	(18650, 2042, NULL, 'Rack_634', 3, 4, 3, 0, 2, 9, 9, 7, 3, NULL, 2, NULL, NULL, '2019-11-21 09:46:21', '2019-11-21 09:46:21'),
	(18651, 2042, NULL, 'Rack_237', 5, 4, 7, 0, 6, 2, 8, 4, 3, NULL, 4, NULL, NULL, '2019-11-21 09:46:21', '2019-11-21 09:46:21'),
	(18652, 2038, NULL, 'Rack_388', 1, 4, 4, 0, 7, 8, 6, 0, 3, NULL, 4, NULL, NULL, '2019-11-21 09:46:21', '2019-11-21 09:46:21'),
	(18653, 2038, NULL, 'Rack_875', 9, 4, 7, 0, 1, 6, 0, 6, 3, NULL, 5, NULL, NULL, '2019-11-21 09:46:21', '2019-11-21 09:46:21'),
	(18654, 2032, NULL, 'Rack_533', 4, 4, 0, 0, 1, 0, 9, 6, 3, NULL, 3, NULL, NULL, '2019-11-21 09:46:21', '2019-11-21 09:46:21'),
	(18655, 2044, NULL, 'Rack_864', 6, 4, 5, 0, 3, 7, 9, 0, 3, NULL, 3, NULL, NULL, '2019-11-21 09:46:21', '2019-11-21 09:46:21'),
	(18656, 2023, NULL, 'Rack_802', 5, 4, 6, 0, 4, 2, 9, 7, 3, NULL, 4, NULL, NULL, '2019-11-21 09:46:21', '2019-11-21 09:46:21'),
	(18657, 2038, NULL, 'Rack_842', 3, 4, 8, 0, 4, 1, 6, 8, 3, NULL, 5, NULL, NULL, '2019-11-21 09:46:21', '2019-11-21 09:46:21'),
	(18658, 2036, NULL, 'Rack_814', 2, 4, 7, 0, 4, 0, 1, 9, 3, NULL, 3, NULL, NULL, '2019-11-21 09:46:21', '2019-11-21 09:46:21'),
	(18659, 2030, NULL, 'Rack_812', 3, 4, 6, 0, 4, 4, 4, 1, 3, NULL, 5, NULL, NULL, '2019-11-21 09:46:21', '2019-11-21 09:46:21'),
	(18660, 2038, NULL, 'Rack_282', 3, 4, 9, 0, 4, 9, 6, 2, 3, NULL, 2, NULL, NULL, '2019-11-21 09:46:21', '2019-11-21 09:46:21'),
	(18661, 2023, NULL, 'Rack_510', 5, 4, 6, 0, 9, 2, 8, 3, 3, NULL, 4, NULL, NULL, '2019-11-21 09:46:21', '2019-11-21 09:46:21'),
	(18662, 2025, NULL, 'Rack_159', 4, 4, 2, 0, 4, 1, 0, 2, 3, NULL, 2, NULL, NULL, '2019-11-21 09:46:21', '2019-11-21 09:46:21'),
	(18663, 2041, NULL, 'Rack_523', 7, 4, 2, 0, 2, 8, 1, 8, 3, NULL, 4, NULL, NULL, '2019-11-21 09:46:21', '2019-11-21 09:46:21'),
	(18664, 2026, NULL, 'Rack_172', 1, 4, 8, 0, 7, 6, 6, 6, 3, NULL, 3, NULL, NULL, '2019-11-21 09:46:21', '2019-11-21 09:46:21'),
	(18665, 2030, NULL, 'Rack_359', 6, 4, 6, 0, 9, 3, 6, 3, 3, NULL, 5, NULL, NULL, '2019-11-21 09:46:21', '2019-11-21 09:46:21'),
	(18666, 2041, NULL, 'Rack_563', 2, 4, 0, 0, 7, 0, 2, 7, 3, NULL, 1, NULL, NULL, '2019-11-21 09:46:21', '2019-11-21 09:46:21'),
	(18667, 2038, NULL, 'Rack_630', 7, 4, 8, 0, 1, 0, 1, 9, 3, NULL, 2, NULL, NULL, '2019-11-21 09:46:21', '2019-11-21 09:46:21'),
	(18668, 2035, NULL, 'Rack_394', 5, 4, 5, 0, 0, 8, 2, 5, 3, NULL, 4, NULL, NULL, '2019-11-21 09:46:21', '2019-11-21 09:46:21'),
	(18669, 2034, NULL, 'Rack_274', 8, 4, 0, 0, 6, 0, 0, 9, 3, NULL, 4, NULL, NULL, '2019-11-21 09:46:21', '2019-11-21 09:46:21'),
	(18670, 2027, NULL, 'Rack_316', 0, 4, 0, 0, 8, 8, 2, 5, 3, NULL, 5, NULL, NULL, '2019-11-21 09:46:21', '2019-11-21 09:46:21'),
	(18671, 2033, NULL, 'Rack_261', 5, 4, 8, 0, 6, 8, 9, 1, 3, NULL, 2, NULL, NULL, '2019-11-21 09:46:21', '2019-11-21 09:46:21'),
	(18672, 2033, NULL, 'Rack_693', 6, 4, 1, 0, 5, 3, 5, 0, 3, NULL, 1, NULL, NULL, '2019-11-21 09:46:21', '2019-11-21 09:46:21'),
	(18673, 2036, NULL, 'Rack_545', 5, 4, 0, 0, 7, 7, 3, 8, 3, NULL, 3, NULL, NULL, '2019-11-21 09:46:21', '2019-11-21 09:46:21'),
	(18674, 2035, NULL, 'Rack_814', 2, 4, 4, 0, 4, 6, 7, 3, 3, NULL, 4, NULL, NULL, '2019-11-21 09:46:21', '2019-11-21 09:46:21'),
	(18675, 2027, NULL, 'Rack_533', 2, 4, 3, 0, 2, 0, 6, 7, 3, NULL, 4, NULL, NULL, '2019-11-21 09:46:21', '2019-11-21 09:46:21'),
	(18676, 2035, NULL, 'Rack_490', 1, 4, 4, 0, 4, 9, 3, 0, 3, NULL, 2, NULL, NULL, '2019-11-21 09:46:21', '2019-11-21 09:46:21'),
	(18677, 2033, NULL, 'Rack_380', 1, 4, 7, 0, 0, 8, 1, 5, 3, NULL, 1, NULL, NULL, '2019-11-21 09:46:21', '2019-11-21 09:46:21'),
	(18678, 2035, NULL, 'Rack_577', 7, 4, 6, 0, 0, 3, 6, 1, 3, NULL, 3, NULL, NULL, '2019-11-21 09:46:21', '2019-11-21 09:46:21'),
	(18679, 2042, NULL, 'Rack_705', 0, 4, 5, 0, 5, 5, 7, 4, 3, NULL, 4, NULL, NULL, '2019-11-21 09:46:21', '2019-11-21 09:46:21'),
	(18680, 2032, NULL, 'Rack_832', 3, 4, 0, 0, 2, 5, 2, 1, 3, NULL, 1, NULL, NULL, '2019-11-21 09:46:21', '2019-11-21 09:46:21'),
	(18681, 2036, NULL, 'Rack_891', 1, 4, 4, 0, 6, 1, 2, 6, 3, NULL, 2, NULL, NULL, '2019-11-21 09:46:21', '2019-11-21 09:46:21'),
	(18682, 2025, NULL, 'Rack_490', 6, 4, 7, 0, 0, 7, 4, 6, 3, NULL, 3, NULL, NULL, '2019-11-21 09:46:21', '2019-11-21 09:46:21'),
	(18683, 2038, NULL, 'Rack_205', 6, 4, 1, 0, 6, 6, 3, 3, 3, NULL, 1, NULL, NULL, '2019-11-21 09:46:21', '2019-11-21 09:46:21'),
	(18684, 2038, NULL, 'Rack_103', 1, 4, 7, 0, 4, 2, 4, 1, 3, NULL, 5, NULL, NULL, '2019-11-21 09:46:21', '2019-11-21 09:46:21'),
	(18685, 2028, NULL, 'Rack_730', 5, 4, 7, 0, 7, 5, 1, 4, 3, NULL, 3, NULL, NULL, '2019-11-21 09:46:21', '2019-11-21 09:46:21'),
	(18686, 2035, NULL, 'Rack_157', 5, 4, 5, 0, 8, 1, 6, 3, 3, NULL, 2, NULL, NULL, '2019-11-21 09:46:21', '2019-11-21 09:46:21'),
	(18687, 2041, NULL, 'Rack_524', 5, 4, 6, 0, 1, 8, 9, 5, 3, NULL, 1, NULL, NULL, '2019-11-21 09:46:21', '2019-11-21 09:46:21'),
	(18688, 2036, NULL, 'Rack_219', 0, 4, 4, 0, 2, 0, 8, 9, 3, NULL, 3, NULL, NULL, '2019-11-21 09:46:21', '2019-11-21 09:46:21'),
	(18689, 2031, NULL, 'Rack_664', 2, 4, 4, 0, 9, 0, 6, 8, 3, NULL, 2, NULL, NULL, '2019-11-21 09:46:21', '2019-11-21 09:46:21'),
	(18690, 2041, NULL, 'Rack_873', 2, 4, 4, 0, 9, 8, 9, 1, 3, NULL, 1, NULL, NULL, '2019-11-21 09:46:21', '2019-11-21 09:46:21'),
	(18691, 2031, NULL, 'Rack_756', 1, 4, 4, 0, 6, 7, 7, 0, 3, NULL, 1, NULL, NULL, '2019-11-21 09:46:21', '2019-11-21 09:46:21'),
	(18692, 2043, NULL, 'Rack_562', 0, 4, 9, 0, 6, 3, 2, 2, 3, NULL, 5, NULL, NULL, '2019-11-21 09:46:21', '2019-11-21 09:46:21'),
	(18693, 2028, NULL, 'Rack_169', 9, 4, 5, 0, 5, 4, 6, 1, 3, NULL, 5, NULL, NULL, '2019-11-21 09:46:21', '2019-11-21 09:46:21'),
	(18694, 2043, NULL, 'Rack_462', 4, 4, 8, 0, 8, 0, 8, 5, 3, NULL, 4, NULL, NULL, '2019-11-21 09:46:21', '2019-11-21 09:46:21'),
	(18695, 2032, NULL, 'Rack_284', 2, 4, 8, 0, 3, 6, 5, 4, 3, NULL, 2, NULL, NULL, '2019-11-21 09:46:21', '2019-11-21 09:46:21'),
	(18696, 2028, NULL, 'Rack_106', 9, 4, 0, 0, 0, 6, 0, 7, 3, NULL, 5, NULL, NULL, '2019-11-21 09:46:21', '2019-11-21 09:46:21'),
	(18697, 2038, NULL, 'Rack_149', 8, 4, 2, 0, 8, 3, 6, 4, 3, NULL, 5, NULL, NULL, '2019-11-21 09:46:21', '2019-11-21 09:46:21'),
	(18698, 2037, NULL, 'Rack_649', 2, 4, 0, 0, 4, 6, 8, 3, 3, NULL, 3, NULL, NULL, '2019-11-21 09:46:21', '2019-11-21 09:46:21'),
	(18699, 2033, NULL, 'Rack_890', 0, 4, 0, 0, 2, 9, 0, 9, 3, NULL, 1, NULL, NULL, '2019-11-21 09:46:21', '2019-11-21 09:46:21'),
	(18700, 2034, NULL, 'Rack_919', 3, 4, 6, 0, 9, 6, 2, 6, 3, NULL, 3, NULL, NULL, '2019-11-21 09:46:21', '2019-11-21 09:46:21'),
	(18701, 2039, NULL, 'Rack_620', 9, 4, 7, 0, 0, 2, 3, 9, 3, NULL, 2, NULL, NULL, '2019-11-21 09:46:21', '2019-11-21 09:46:21'),
	(18702, 2024, NULL, 'Rack_537', 3, 4, 1, 0, 2, 6, 1, 4, 3, NULL, 1, NULL, NULL, '2019-11-21 09:46:21', '2019-11-21 09:46:21'),
	(18703, 2034, NULL, 'Rack_442', 4, 4, 6, 0, 5, 0, 3, 4, 3, NULL, 4, NULL, NULL, '2019-11-21 09:46:21', '2019-11-21 09:46:21'),
	(18704, 2028, NULL, 'Rack_238', 6, 4, 6, 0, 0, 2, 5, 0, 3, NULL, 4, NULL, NULL, '2019-11-21 09:46:21', '2019-11-21 09:46:21'),
	(18705, 2036, NULL, 'Rack_427', 1, 4, 0, 0, 1, 9, 6, 4, 3, NULL, 5, NULL, NULL, '2019-11-21 09:46:21', '2019-11-21 09:46:21'),
	(18706, 2037, NULL, 'Rack_575', 7, 4, 9, 0, 0, 1, 2, 8, 3, NULL, 2, NULL, NULL, '2019-11-21 09:46:21', '2019-11-21 09:46:21'),
	(18707, 2044, NULL, 'Rack_179', 0, 4, 2, 0, 6, 3, 5, 6, 3, NULL, 1, NULL, NULL, '2019-11-21 09:46:21', '2019-11-21 09:46:21'),
	(18708, 2033, NULL, 'Rack_357', 7, 4, 5, 0, 6, 4, 2, 1, 3, NULL, 1, NULL, NULL, '2019-11-21 09:46:21', '2019-11-21 09:46:21'),
	(18709, 2035, NULL, 'Rack_599', 9, 4, 5, 0, 1, 2, 8, 3, 3, NULL, 4, NULL, NULL, '2019-11-21 09:46:21', '2019-11-21 09:46:21'),
	(18710, 2033, NULL, 'Rack_964', 8, 4, 6, 0, 7, 4, 2, 8, 3, NULL, 5, NULL, NULL, '2019-11-21 09:46:21', '2019-11-21 09:46:21'),
	(18711, 2024, NULL, 'Rack_645', 8, 4, 7, 0, 4, 3, 2, 9, 3, NULL, 3, NULL, NULL, '2019-11-21 09:46:21', '2019-11-21 09:46:21'),
	(18712, 2032, NULL, 'Rack_854', 4, 4, 2, 0, 6, 8, 6, 5, 3, NULL, 1, NULL, NULL, '2019-11-21 09:46:21', '2019-11-21 09:46:21'),
	(18713, 2042, NULL, 'Rack_373', 8, 4, 2, 0, 6, 2, 1, 5, 3, NULL, 1, NULL, NULL, '2019-11-21 09:46:21', '2019-11-21 09:46:21'),
	(18714, 2028, NULL, 'Rack_385', 3, 4, 2, 0, 7, 9, 4, 7, 3, NULL, 2, NULL, NULL, '2019-11-21 09:46:21', '2019-11-21 09:46:21'),
	(18715, 2044, NULL, 'Rack_455', 8, 4, 3, 0, 5, 6, 9, 1, 3, NULL, 5, NULL, NULL, '2019-11-21 09:46:21', '2019-11-21 09:46:21'),
	(18716, 2039, NULL, 'Rack_968', 8, 4, 5, 0, 2, 5, 5, 2, 3, NULL, 2, NULL, NULL, '2019-11-21 09:46:21', '2019-11-21 09:46:21'),
	(18717, 2039, NULL, 'Rack_730', 0, 4, 2, 0, 4, 7, 4, 8, 3, NULL, 5, NULL, NULL, '2019-11-21 09:46:21', '2019-11-21 09:46:21'),
	(18718, 2034, NULL, 'Rack_789', 7, 4, 4, 0, 3, 6, 8, 7, 3, NULL, 5, NULL, NULL, '2019-11-21 09:46:21', '2019-11-21 09:46:21'),
	(18719, 2030, NULL, 'Rack_736', 5, 4, 6, 0, 3, 7, 2, 5, 3, NULL, 3, NULL, NULL, '2019-11-21 09:46:21', '2019-11-21 09:46:21'),
	(18720, 2023, NULL, 'Rack_796', 0, 4, 8, 0, 5, 5, 2, 6, 3, NULL, 1, NULL, NULL, '2019-11-21 09:46:21', '2019-11-21 09:46:21'),
	(18721, 2023, NULL, 'Rack_720', 5, 4, 5, 0, 3, 7, 5, 1, 3, NULL, 2, NULL, NULL, '2019-11-21 09:46:21', '2019-11-21 09:46:21'),
	(18722, 2032, NULL, 'Rack_393', 2, 4, 8, 0, 4, 1, 6, 6, 3, NULL, 3, NULL, NULL, '2019-11-21 09:46:21', '2019-11-21 09:46:21'),
	(18723, 2031, NULL, 'Rack_576', 1, 4, 7, 0, 1, 5, 6, 4, 3, NULL, 2, NULL, NULL, '2019-11-21 09:46:21', '2019-11-21 09:46:21'),
	(18724, 2026, NULL, 'Rack_131', 4, 4, 5, 0, 3, 2, 2, 4, 3, NULL, 5, NULL, NULL, '2019-11-21 09:46:21', '2019-11-21 09:46:21'),
	(18725, 2043, NULL, 'Rack_471', 5, 4, 4, 0, 8, 6, 0, 0, 3, NULL, 1, NULL, NULL, '2019-11-21 09:46:21', '2019-11-21 09:46:21'),
	(18726, 2023, NULL, 'Rack_952', 3, 4, 0, 0, 2, 6, 9, 9, 3, NULL, 5, NULL, NULL, '2019-11-21 09:46:21', '2019-11-21 09:46:21'),
	(18727, 2030, NULL, 'Rack_979', 7, 4, 1, 0, 9, 0, 0, 3, 3, NULL, 2, NULL, NULL, '2019-11-21 09:46:21', '2019-11-21 09:46:21'),
	(18728, 2036, NULL, 'Rack_907', 4, 4, 2, 0, 3, 0, 0, 2, 3, NULL, 5, NULL, NULL, '2019-11-21 09:46:21', '2019-11-21 09:46:21'),
	(18729, 2031, NULL, 'Rack_307', 6, 4, 0, 0, 9, 3, 0, 1, 3, NULL, 3, NULL, NULL, '2019-11-21 09:46:21', '2019-11-21 09:46:21'),
	(18730, 2040, NULL, 'Rack_602', 8, 4, 7, 0, 0, 3, 4, 9, 3, NULL, 5, NULL, NULL, '2019-11-21 09:46:21', '2019-11-21 09:46:21'),
	(18731, 2026, NULL, 'Rack_272', 3, 4, 2, 0, 7, 3, 3, 1, 3, NULL, 1, NULL, NULL, '2019-11-21 09:46:21', '2019-11-21 09:46:21'),
	(18732, 2043, NULL, 'Rack_358', 4, 4, 8, 0, 7, 7, 2, 4, 3, NULL, 5, NULL, NULL, '2019-11-21 09:46:21', '2019-11-21 09:46:21'),
	(18733, 2038, NULL, 'Rack_569', 5, 4, 8, 0, 8, 4, 8, 7, 3, NULL, 1, NULL, NULL, '2019-11-21 09:46:21', '2019-11-21 09:46:21'),
	(18734, 2026, NULL, 'Rack_347', 5, 4, 8, 0, 5, 0, 6, 9, 3, NULL, 2, NULL, NULL, '2019-11-21 09:46:21', '2019-11-21 09:46:21'),
	(18735, 2025, NULL, 'Rack_196', 2, 4, 3, 0, 0, 3, 9, 7, 3, NULL, 4, NULL, NULL, '2019-11-21 09:46:21', '2019-11-21 09:46:21'),
	(18736, 2037, NULL, 'Rack_564', 0, 4, 3, 0, 4, 0, 2, 0, 3, NULL, 2, NULL, NULL, '2019-11-21 09:46:21', '2019-11-21 09:46:21'),
	(18737, 2024, NULL, 'Rack_160', 6, 4, 3, 0, 4, 2, 2, 5, 3, NULL, 5, NULL, NULL, '2019-11-21 09:46:21', '2019-11-21 09:46:21'),
	(18738, 2032, NULL, 'Rack_338', 0, 4, 9, 0, 7, 1, 6, 8, 3, NULL, 5, NULL, NULL, '2019-11-21 09:46:21', '2019-11-21 09:46:21'),
	(18739, 2024, NULL, 'Rack_231', 7, 4, 8, 0, 7, 6, 3, 6, 3, NULL, 5, NULL, NULL, '2019-11-21 09:46:21', '2019-11-21 09:46:21'),
	(18740, 2026, NULL, 'Rack_217', 8, 4, 5, 0, 8, 3, 7, 8, 3, NULL, 4, NULL, NULL, '2019-11-21 09:46:21', '2019-11-21 09:46:21'),
	(18741, 2024, NULL, 'Rack_721', 8, 4, 1, 0, 8, 9, 5, 4, 3, NULL, 3, NULL, NULL, '2019-11-21 09:46:21', '2019-11-21 09:46:21'),
	(18742, 2032, NULL, 'Rack_672', 5, 4, 0, 0, 7, 5, 2, 6, 3, NULL, 4, NULL, NULL, '2019-11-21 09:46:21', '2019-11-21 09:46:21'),
	(18743, 2043, NULL, 'Rack_668', 6, 4, 9, 0, 8, 4, 8, 7, 3, NULL, 3, NULL, NULL, '2019-11-21 09:46:21', '2019-11-21 09:46:21'),
	(18744, 2037, NULL, 'Rack_261', 6, 4, 7, 0, 3, 7, 5, 1, 3, NULL, 5, NULL, NULL, '2019-11-21 09:46:21', '2019-11-21 09:46:21'),
	(18745, 2031, NULL, 'Rack_902', 5, 4, 6, 0, 4, 3, 9, 1, 3, NULL, 3, NULL, NULL, '2019-11-21 09:46:21', '2019-11-21 09:46:21'),
	(18746, 2039, NULL, 'Rack_113', 0, 4, 8, 0, 3, 5, 0, 4, 3, NULL, 3, NULL, NULL, '2019-11-21 09:46:21', '2019-11-21 09:46:21'),
	(18747, 2043, NULL, 'Rack_322', 1, 4, 6, 0, 2, 3, 1, 4, 3, NULL, 5, NULL, NULL, '2019-11-21 09:46:21', '2019-11-21 09:46:21'),
	(18748, 2030, NULL, 'Rack_377', 2, 4, 1, 0, 7, 2, 3, 1, 3, NULL, 3, NULL, NULL, '2019-11-21 09:46:21', '2019-11-21 09:46:21'),
	(18749, 2038, NULL, 'Rack_394', 4, 4, 6, 0, 1, 9, 0, 5, 3, NULL, 4, NULL, NULL, '2019-11-21 09:46:21', '2019-11-21 09:46:21'),
	(18750, 2029, NULL, 'Rack_790', 6, 4, 0, 0, 7, 8, 5, 6, 3, NULL, 3, NULL, NULL, '2019-11-21 09:46:21', '2019-11-21 09:46:21'),
	(18751, 2029, NULL, 'Rack_243', 4, 4, 7, 0, 4, 0, 7, 4, 3, NULL, 4, NULL, NULL, '2019-11-21 09:46:21', '2019-11-21 09:46:21'),
	(18752, 2033, NULL, 'Rack_871', 3, 4, 4, 0, 4, 7, 9, 6, 3, NULL, 4, NULL, NULL, '2019-11-21 09:46:21', '2019-11-21 09:46:21'),
	(18753, 2041, NULL, 'Rack_838', 3, 4, 6, 0, 6, 2, 1, 5, 3, NULL, 5, NULL, NULL, '2019-11-21 09:46:21', '2019-11-21 09:46:21'),
	(18754, 2028, NULL, 'Rack_907', 1, 4, 8, 0, 1, 1, 2, 9, 3, NULL, 5, NULL, NULL, '2019-11-21 09:46:21', '2019-11-21 09:46:21'),
	(18755, 2041, NULL, 'Rack_638', 6, 4, 9, 0, 4, 2, 7, 0, 3, NULL, 2, NULL, NULL, '2019-11-21 09:46:21', '2019-11-21 09:46:21'),
	(18756, 2038, NULL, 'Rack_283', 2, 4, 9, 0, 8, 7, 3, 3, 3, NULL, 4, NULL, NULL, '2019-11-21 09:46:21', '2019-11-21 09:46:21'),
	(18757, 2040, NULL, 'Rack_732', 4, 4, 8, 0, 6, 3, 8, 3, 3, NULL, 4, NULL, NULL, '2019-11-21 09:46:21', '2019-11-21 09:46:21'),
	(18758, 2025, NULL, 'Rack_858', 8, 4, 2, 0, 5, 7, 1, 0, 3, NULL, 1, NULL, NULL, '2019-11-21 09:46:21', '2019-11-21 09:46:21'),
	(18759, 2044, NULL, 'Rack_772', 0, 4, 7, 0, 6, 6, 5, 8, 3, NULL, 4, NULL, NULL, '2019-11-21 09:46:21', '2019-11-21 09:46:21'),
	(18760, 2033, NULL, 'Rack_866', 9, 4, 7, 0, 7, 3, 7, 6, 3, NULL, 4, NULL, NULL, '2019-11-21 09:46:21', '2019-11-21 09:46:21'),
	(18761, 2040, NULL, 'Rack_951', 3, 4, 0, 0, 4, 6, 8, 2, 3, NULL, 3, NULL, NULL, '2019-11-21 09:46:21', '2019-11-21 09:46:21'),
	(18762, 2040, NULL, 'Rack_466', 5, 4, 3, 0, 7, 0, 8, 9, 3, NULL, 4, NULL, NULL, '2019-11-21 09:46:21', '2019-11-21 09:46:21'),
	(18763, 2041, NULL, 'Rack_546', 0, 4, 5, 0, 2, 4, 2, 6, 3, NULL, 2, NULL, NULL, '2019-11-21 09:46:21', '2019-11-21 09:46:21'),
	(18764, 2039, NULL, 'Rack_767', 4, 4, 4, 0, 5, 6, 9, 7, 3, NULL, 1, NULL, NULL, '2019-11-21 09:46:21', '2019-11-21 09:46:21'),
	(18765, 2023, NULL, 'Rack_494', 7, 4, 1, 0, 8, 4, 0, 1, 3, NULL, 4, NULL, NULL, '2019-11-21 09:46:21', '2019-11-21 09:46:21'),
	(18766, 2029, NULL, 'Rack_710', 4, 4, 3, 0, 3, 1, 1, 7, 3, NULL, 4, NULL, NULL, '2019-11-21 09:46:21', '2019-11-21 09:46:21'),
	(18767, 2029, NULL, 'Rack_254', 5, 4, 9, 0, 4, 2, 0, 3, 3, NULL, 1, NULL, NULL, '2019-11-21 09:46:21', '2019-11-21 09:46:21'),
	(18768, 2043, NULL, 'Rack_345', 8, 4, 6, 0, 4, 2, 4, 4, 3, NULL, 2, NULL, NULL, '2019-11-21 09:46:21', '2019-11-21 09:46:21'),
	(18769, 2038, NULL, 'Rack_666', 3, 4, 2, 0, 1, 1, 9, 5, 3, NULL, 1, NULL, NULL, '2019-11-21 09:46:21', '2019-11-21 09:46:21'),
	(18770, 2023, NULL, 'Rack_615', 9, 4, 9, 0, 6, 4, 4, 3, 3, NULL, 3, NULL, NULL, '2019-11-21 09:46:21', '2019-11-21 09:46:21'),
	(18771, 2040, NULL, 'Rack_306', 8, 4, 3, 0, 9, 5, 5, 6, 3, NULL, 4, NULL, NULL, '2019-11-21 09:46:21', '2019-11-21 09:46:21'),
	(18772, 2031, NULL, 'Rack_383', 7, 4, 3, 0, 6, 4, 7, 0, 3, NULL, 3, NULL, NULL, '2019-11-21 09:46:21', '2019-11-21 09:46:21'),
	(18773, 2035, NULL, 'Rack_488', 1, 4, 9, 0, 2, 7, 7, 6, 3, NULL, 1, NULL, NULL, '2019-11-21 09:46:21', '2019-11-21 09:46:21'),
	(18774, 2042, NULL, 'Rack_193', 0, 4, 1, 0, 2, 0, 8, 6, 3, NULL, 2, NULL, NULL, '2019-11-21 09:46:21', '2019-11-21 09:46:21'),
	(18775, 2024, NULL, 'Rack_788', 2, 4, 7, 0, 2, 5, 7, 7, 3, NULL, 1, NULL, NULL, '2019-11-21 09:46:21', '2019-11-21 09:46:21'),
	(18776, 2043, NULL, 'Rack_995', 2, 4, 0, 0, 1, 6, 3, 0, 3, NULL, 4, NULL, NULL, '2019-11-21 09:46:21', '2019-11-21 09:46:21'),
	(18777, 2044, NULL, 'Rack_487', 5, 4, 3, 0, 6, 3, 8, 0, 3, NULL, 2, NULL, NULL, '2019-11-21 09:46:21', '2019-11-21 09:46:21'),
	(18778, 2035, NULL, 'Rack_331', 5, 4, 2, 0, 8, 0, 2, 8, 3, NULL, 2, NULL, NULL, '2019-11-21 09:46:21', '2019-11-21 09:46:21'),
	(18779, 2023, NULL, 'Rack_110', 5, 4, 3, 0, 3, 5, 8, 5, 3, NULL, 5, NULL, NULL, '2019-11-21 09:46:21', '2019-11-21 09:46:21'),
	(18780, 2031, NULL, 'Rack_501', 3, 4, 4, 0, 4, 7, 2, 1, 3, NULL, 4, NULL, NULL, '2019-11-21 09:46:21', '2019-11-21 09:46:21'),
	(18781, 2023, NULL, 'Rack_856', 6, 4, 0, 0, 9, 8, 5, 5, 3, NULL, 1, NULL, NULL, '2019-11-21 09:46:21', '2019-11-21 09:46:21'),
	(18782, 2030, NULL, 'Rack_935', 5, 4, 7, 0, 7, 0, 9, 2, 3, NULL, 5, NULL, NULL, '2019-11-21 09:46:21', '2019-11-21 09:46:21'),
	(18783, 2043, NULL, 'Rack_257', 4, 4, 7, 0, 5, 5, 9, 7, 3, NULL, 2, NULL, NULL, '2019-11-21 09:46:21', '2019-11-21 09:46:21'),
	(18784, 2042, NULL, 'Rack_906', 4, 4, 5, 0, 0, 6, 1, 2, 3, NULL, 2, NULL, NULL, '2019-11-21 09:46:21', '2019-11-21 09:46:21'),
	(18785, 2039, NULL, 'Rack_399', 2, 4, 3, 0, 0, 5, 4, 6, 3, NULL, 5, NULL, NULL, '2019-11-21 09:46:21', '2019-11-21 09:46:21'),
	(18786, 2030, NULL, 'Rack_815', 8, 4, 7, 0, 7, 3, 4, 5, 3, NULL, 5, NULL, NULL, '2019-11-21 09:46:21', '2019-11-21 09:46:21'),
	(18787, 2035, NULL, 'Rack_185', 0, 4, 0, 0, 5, 3, 3, 6, 3, NULL, 3, NULL, NULL, '2019-11-21 09:46:21', '2019-11-21 09:46:21'),
	(18788, 2033, NULL, 'Rack_192', 0, 4, 7, 0, 1, 0, 4, 8, 3, NULL, 2, NULL, NULL, '2019-11-21 09:46:21', '2019-11-21 09:46:21'),
	(18789, 2038, NULL, 'Rack_529', 1, 4, 0, 0, 7, 4, 1, 2, 3, NULL, 4, NULL, NULL, '2019-11-21 09:46:21', '2019-11-21 09:46:21'),
	(18790, 2037, NULL, 'Rack_349', 9, 4, 0, 0, 5, 6, 5, 2, 3, NULL, 4, NULL, NULL, '2019-11-21 09:46:21', '2019-11-21 09:46:21'),
	(18791, 2034, NULL, 'Rack_304', 5, 4, 2, 0, 8, 4, 6, 1, 3, NULL, 5, NULL, NULL, '2019-11-21 09:46:21', '2019-11-21 09:46:21'),
	(18792, 2044, NULL, 'Rack_351', 8, 4, 5, 0, 2, 9, 8, 1, 3, NULL, 1, NULL, NULL, '2019-11-21 09:46:21', '2019-11-21 09:46:21'),
	(18793, 2028, NULL, 'Rack_798', 9, 4, 4, 0, 6, 0, 3, 3, 3, NULL, 4, NULL, NULL, '2019-11-21 09:46:21', '2019-11-21 09:46:21'),
	(18794, 2024, NULL, 'Rack_938', 0, 4, 0, 0, 9, 2, 3, 6, 3, NULL, 3, NULL, NULL, '2019-11-21 09:46:21', '2019-11-21 09:46:21'),
	(18795, 2026, NULL, 'Rack_928', 6, 4, 7, 0, 1, 6, 1, 3, 3, NULL, 4, NULL, NULL, '2019-11-21 09:46:21', '2019-11-21 09:46:21'),
	(18796, 2029, NULL, 'Rack_147', 5, 4, 9, 0, 4, 9, 4, 4, 3, NULL, 1, NULL, NULL, '2019-11-21 09:46:21', '2019-11-21 09:46:21'),
	(18797, 2024, NULL, 'Rack_913', 6, 4, 9, 0, 3, 6, 6, 8, 3, NULL, 5, NULL, NULL, '2019-11-21 09:46:21', '2019-11-21 09:46:21'),
	(18798, 2035, NULL, 'Rack_153', 7, 4, 7, 0, 7, 2, 9, 6, 3, NULL, 3, NULL, NULL, '2019-11-21 09:46:21', '2019-11-21 09:46:21'),
	(18799, 2044, NULL, 'Rack_391', 7, 4, 3, 0, 2, 0, 8, 4, 3, NULL, 5, NULL, NULL, '2019-11-21 09:46:21', '2019-11-21 09:46:21'),
	(18800, 2028, NULL, 'Rack_336', 2, 4, 5, 0, 2, 4, 2, 2, 3, NULL, 3, NULL, NULL, '2019-11-21 09:46:21', '2019-11-21 09:46:21'),
	(18801, 2038, NULL, 'Rack_657', 2, 4, 0, 0, 7, 7, 5, 0, 3, NULL, 3, NULL, NULL, '2019-11-21 09:46:21', '2019-11-21 09:46:21'),
	(18802, 2024, NULL, 'Rack_440', 8, 4, 3, 0, 5, 7, 9, 1, 3, NULL, 1, NULL, NULL, '2019-11-21 09:46:21', '2019-11-21 09:46:21'),
	(18803, 2044, NULL, 'Rack_259', 2, 4, 3, 0, 6, 4, 0, 1, 3, NULL, 4, NULL, NULL, '2019-11-21 09:46:21', '2019-11-21 09:46:21'),
	(18804, 2043, NULL, 'Rack_316', 7, 4, 0, 0, 6, 8, 7, 9, 3, NULL, 2, NULL, NULL, '2019-11-21 09:46:21', '2019-11-21 09:46:21'),
	(18805, 2042, NULL, 'Rack_842', 3, 4, 7, 0, 1, 1, 7, 8, 3, NULL, 1, NULL, NULL, '2019-11-21 09:46:21', '2019-11-21 09:46:21'),
	(18806, 2026, NULL, 'Rack_735', 5, 4, 6, 0, 3, 4, 6, 6, 3, NULL, 1, NULL, NULL, '2019-11-21 09:46:21', '2019-11-21 09:46:21'),
	(18807, 2030, NULL, 'Rack_697', 8, 4, 1, 0, 0, 7, 2, 3, 3, NULL, 5, NULL, NULL, '2019-11-21 09:46:21', '2019-11-21 09:46:21'),
	(18808, 2037, NULL, 'Rack_341', 7, 4, 2, 0, 4, 4, 2, 9, 3, NULL, 2, NULL, NULL, '2019-11-21 09:46:21', '2019-11-21 09:46:21'),
	(18809, 2031, NULL, 'Rack_693', 3, 4, 9, 0, 2, 9, 8, 3, 3, NULL, 1, NULL, NULL, '2019-11-21 09:46:21', '2019-11-21 09:46:21'),
	(18810, 2033, NULL, 'Rack_319', 1, 4, 4, 0, 9, 7, 9, 4, 3, NULL, 2, NULL, NULL, '2019-11-21 09:46:21', '2019-11-21 09:46:21'),
	(18811, 2024, NULL, 'Rack_643', 7, 4, 9, 0, 5, 1, 0, 4, 3, NULL, 4, NULL, NULL, '2019-11-21 09:46:21', '2019-11-21 09:46:21'),
	(18812, 2028, NULL, 'Rack_589', 4, 4, 6, 0, 5, 0, 1, 2, 3, NULL, 1, NULL, NULL, '2019-11-21 09:46:21', '2019-11-21 09:46:21'),
	(18813, 2042, NULL, 'Rack_329', 8, 4, 7, 0, 9, 0, 2, 1, 3, NULL, 1, NULL, NULL, '2019-11-21 09:46:21', '2019-11-21 09:46:21'),
	(18814, 2041, NULL, 'Rack_750', 9, 4, 8, 0, 7, 7, 1, 1, 3, NULL, 5, NULL, NULL, '2019-11-21 09:46:21', '2019-11-21 09:46:21'),
	(18815, 2043, NULL, 'Rack_561', 7, 4, 8, 0, 0, 5, 8, 8, 3, NULL, 5, NULL, NULL, '2019-11-21 09:46:21', '2019-11-21 09:46:21'),
	(18816, 2038, NULL, 'Rack_157', 4, 4, 1, 0, 1, 0, 0, 7, 3, NULL, 5, NULL, NULL, '2019-11-21 09:46:21', '2019-11-21 09:46:21'),
	(18817, 2038, NULL, 'Rack_122', 9, 4, 5, 0, 2, 1, 9, 2, 3, NULL, 2, NULL, NULL, '2019-11-21 09:46:21', '2019-11-21 09:46:21'),
	(18818, 2027, NULL, 'Rack_437', 5, 4, 6, 0, 2, 6, 9, 7, 3, NULL, 5, NULL, NULL, '2019-11-21 09:46:21', '2019-11-21 09:46:21'),
	(18819, 2025, NULL, 'Rack_435', 3, 4, 8, 0, 1, 1, 2, 1, 3, NULL, 5, NULL, NULL, '2019-11-21 09:46:21', '2019-11-21 09:46:21'),
	(18820, 2025, NULL, 'Rack_810', 3, 4, 2, 0, 3, 6, 7, 2, 3, NULL, 2, NULL, NULL, '2019-11-21 09:46:21', '2019-11-21 09:46:21'),
	(18821, 2032, NULL, 'Rack_873', 6, 4, 3, 0, 7, 3, 5, 0, 3, NULL, 3, NULL, NULL, '2019-11-21 09:46:21', '2019-11-21 09:46:21'),
	(18822, 2041, NULL, 'Rack_677', 3, 4, 3, 0, 5, 3, 7, 6, 3, NULL, 2, NULL, NULL, '2019-11-21 09:46:21', '2019-11-21 09:46:21'),
	(18823, 2043, NULL, 'Rack_155', 5, 4, 6, 0, 9, 8, 8, 6, 3, NULL, 3, NULL, NULL, '2019-11-21 09:46:21', '2019-11-21 09:46:21'),
	(18824, 2042, NULL, 'Rack_673', 5, 4, 9, 0, 6, 9, 0, 8, 3, NULL, 1, NULL, NULL, '2019-11-21 09:46:21', '2019-11-21 09:46:21'),
	(18825, 2037, NULL, 'Rack_620', 9, 4, 4, 0, 7, 5, 1, 1, 3, NULL, 1, NULL, NULL, '2019-11-21 09:46:21', '2019-11-21 09:46:21'),
	(18826, 2033, NULL, 'Rack_882', 5, 4, 2, 0, 1, 4, 9, 1, 3, NULL, 2, NULL, NULL, '2019-11-21 09:46:21', '2019-11-21 09:46:21'),
	(18827, 2025, NULL, 'Rack_596', 8, 4, 7, 0, 3, 0, 5, 1, 3, NULL, 3, NULL, NULL, '2019-11-21 09:46:21', '2019-11-21 09:46:21'),
	(18828, 2034, NULL, 'Rack_408', 3, 4, 9, 0, 3, 5, 7, 4, 3, NULL, 5, NULL, NULL, '2019-11-21 09:46:21', '2019-11-21 09:46:21'),
	(18829, 2035, NULL, 'Rack_833', 8, 4, 5, 0, 3, 4, 7, 9, 3, NULL, 4, NULL, NULL, '2019-11-21 09:46:21', '2019-11-21 09:46:21'),
	(18830, 2044, NULL, 'Rack_205', 0, 4, 4, 0, 8, 4, 4, 7, 3, NULL, 5, NULL, NULL, '2019-11-21 09:46:21', '2019-11-21 09:46:21'),
	(18831, 2029, NULL, 'Rack_542', 9, 4, 5, 0, 3, 0, 2, 4, 3, NULL, 5, NULL, NULL, '2019-11-21 09:46:21', '2019-11-21 09:46:21'),
	(18832, 2030, NULL, 'Rack_246', 1, 4, 5, 0, 3, 9, 0, 2, 3, NULL, 3, NULL, NULL, '2019-11-21 09:46:21', '2019-11-21 09:46:21'),
	(18833, 2034, NULL, 'Rack_929', 2, 4, 2, 0, 8, 7, 1, 6, 3, NULL, 5, NULL, NULL, '2019-11-21 09:46:21', '2019-11-21 09:46:21'),
	(18834, 2025, NULL, 'Rack_781', 0, 4, 4, 0, 4, 3, 1, 3, 3, NULL, 1, NULL, NULL, '2019-11-21 09:46:21', '2019-11-21 09:46:21'),
	(18835, 2027, NULL, 'Rack_665', 4, 4, 0, 0, 2, 5, 9, 7, 3, NULL, 2, NULL, NULL, '2019-11-21 09:46:21', '2019-11-21 09:46:21'),
	(18836, 2026, NULL, 'Rack_734', 6, 4, 8, 0, 4, 4, 5, 7, 3, NULL, 3, NULL, NULL, '2019-11-21 09:46:21', '2019-11-21 09:46:21'),
	(18837, 2035, NULL, 'Rack_262', 6, 4, 8, 0, 9, 1, 0, 1, 3, NULL, 5, NULL, NULL, '2019-11-21 09:46:21', '2019-11-21 09:46:21'),
	(18838, 2032, NULL, 'Rack_531', 4, 4, 0, 0, 6, 9, 2, 1, 3, NULL, 1, NULL, NULL, '2019-11-21 09:46:21', '2019-11-21 09:46:21'),
	(18839, 2031, NULL, 'Rack_559', 7, 4, 3, 0, 2, 0, 7, 8, 3, NULL, 2, NULL, NULL, '2019-11-21 09:46:21', '2019-11-21 09:46:21'),
	(18840, 2036, NULL, 'Rack_118', 0, 4, 1, 0, 5, 7, 9, 6, 3, NULL, 1, NULL, NULL, '2019-11-21 09:46:21', '2019-11-21 09:46:21'),
	(18841, 2023, NULL, 'Rack_345', 8, 4, 6, 0, 0, 9, 3, 6, 3, NULL, 1, NULL, NULL, '2019-11-21 09:46:21', '2019-11-21 09:46:21'),
	(18842, 2033, NULL, 'Rack_339', 8, 4, 8, 0, 6, 4, 2, 0, 3, NULL, 3, NULL, NULL, '2019-11-21 09:46:21', '2019-11-21 09:46:21'),
	(18843, 2032, NULL, 'Rack_442', 3, 4, 5, 0, 3, 6, 3, 7, 3, NULL, 3, NULL, NULL, '2019-11-21 09:46:21', '2019-11-21 09:46:21'),
	(18844, 2035, NULL, 'Rack_377', 2, 4, 0, 0, 4, 1, 3, 7, 3, NULL, 2, NULL, NULL, '2019-11-21 09:46:21', '2019-11-21 09:46:21'),
	(18845, 2033, NULL, 'Rack_642', 5, 4, 8, 0, 0, 3, 0, 7, 3, NULL, 2, NULL, NULL, '2019-11-21 09:46:21', '2019-11-21 09:46:21'),
	(18846, 2036, NULL, 'Rack_456', 4, 4, 0, 0, 9, 6, 4, 4, 3, NULL, 5, NULL, NULL, '2019-11-21 09:46:21', '2019-11-21 09:46:21'),
	(18847, 2026, NULL, 'Rack_667', 1, 4, 5, 0, 3, 2, 8, 4, 3, NULL, 1, NULL, NULL, '2019-11-21 09:46:21', '2019-11-21 09:46:21'),
	(18848, 2034, NULL, 'Rack_576', 5, 4, 6, 0, 4, 7, 6, 5, 3, NULL, 4, NULL, NULL, '2019-11-21 09:46:21', '2019-11-21 09:46:21'),
	(18849, 2038, NULL, 'Rack_950', 6, 4, 0, 0, 0, 9, 8, 6, 3, NULL, 3, NULL, NULL, '2019-11-21 09:46:21', '2019-11-21 09:46:21'),
	(18850, 2043, NULL, 'Rack_881', 6, 4, 0, 0, 7, 3, 1, 5, 3, NULL, 4, NULL, NULL, '2019-11-21 09:46:21', '2019-11-21 09:46:21'),
	(18851, 2023, NULL, 'Rack_740', 5, 4, 0, 0, 8, 7, 8, 3, 3, NULL, 3, NULL, NULL, '2019-11-21 09:46:21', '2019-11-21 09:46:21'),
	(18852, 2043, NULL, 'Rack_268', 8, 4, 9, 0, 4, 2, 2, 4, 3, NULL, 5, NULL, NULL, '2019-11-21 09:46:21', '2019-11-21 09:46:21'),
	(18853, 2038, NULL, 'Rack_560', 6, 4, 0, 0, 5, 5, 3, 1, 3, NULL, 3, NULL, NULL, '2019-11-21 09:46:21', '2019-11-21 09:46:21'),
	(18854, 2042, NULL, 'Rack_764', 4, 4, 5, 0, 0, 3, 5, 2, 3, NULL, 1, NULL, NULL, '2019-11-21 09:46:21', '2019-11-21 09:46:21'),
	(18855, 2030, NULL, 'Rack_464', 7, 4, 3, 0, 3, 5, 4, 5, 3, NULL, 1, NULL, NULL, '2019-11-21 09:46:21', '2019-11-21 09:46:21'),
	(18856, 2026, NULL, 'Rack_939', 5, 4, 0, 0, 4, 8, 1, 7, 3, NULL, 1, NULL, NULL, '2019-11-21 09:46:21', '2019-11-21 09:46:21'),
	(18857, 2027, NULL, 'Rack_575', 5, 4, 5, 0, 6, 2, 8, 4, 3, NULL, 5, NULL, NULL, '2019-11-21 09:46:21', '2019-11-21 09:46:21'),
	(18858, 2035, NULL, 'Rack_785', 2, 4, 9, 0, 8, 9, 1, 5, 3, NULL, 2, NULL, NULL, '2019-11-21 09:46:21', '2019-11-21 09:46:21'),
	(18859, 2032, NULL, 'Rack_514', 7, 4, 9, 0, 1, 8, 7, 1, 3, NULL, 4, NULL, NULL, '2019-11-21 09:46:21', '2019-11-21 09:46:21'),
	(18860, 2030, NULL, 'Rack_816', 5, 4, 5, 0, 2, 6, 2, 8, 3, NULL, 3, NULL, NULL, '2019-11-21 09:46:21', '2019-11-21 09:46:21'),
	(18861, 2044, NULL, 'Rack_681', 9, 4, 9, 0, 9, 3, 1, 2, 3, NULL, 5, NULL, NULL, '2019-11-21 09:46:21', '2019-11-21 09:46:21'),
	(18862, 2026, NULL, 'Rack_778', 6, 4, 9, 0, 6, 9, 9, 3, 3, NULL, 4, NULL, NULL, '2019-11-21 09:46:21', '2019-11-21 09:46:21'),
	(18863, 2035, NULL, 'Rack_108', 5, 4, 6, 0, 9, 7, 0, 5, 3, NULL, 3, NULL, NULL, '2019-11-21 09:46:21', '2019-11-21 09:46:21'),
	(18864, 2034, NULL, 'Rack_345', 7, 4, 0, 0, 8, 0, 4, 0, 3, NULL, 1, NULL, NULL, '2019-11-21 09:46:21', '2019-11-21 09:46:21'),
	(18865, 2038, NULL, 'Rack_192', 4, 4, 3, 0, 9, 9, 3, 5, 3, NULL, 2, NULL, NULL, '2019-11-21 09:46:21', '2019-11-21 09:46:21'),
	(18866, 2029, NULL, 'Rack_779', 3, 4, 8, 0, 8, 7, 4, 7, 3, NULL, 3, NULL, NULL, '2019-11-21 09:46:21', '2019-11-21 09:46:21'),
	(18867, 2034, NULL, 'Rack_715', 0, 4, 8, 0, 0, 0, 2, 9, 3, NULL, 5, NULL, NULL, '2019-11-21 09:46:21', '2019-11-21 09:46:21'),
	(18868, 2040, NULL, 'Rack_445', 9, 4, 6, 0, 7, 0, 3, 8, 3, NULL, 3, NULL, NULL, '2019-11-21 09:46:21', '2019-11-21 09:46:21'),
	(18869, 2041, NULL, 'Rack_573', 3, 4, 1, 0, 5, 7, 0, 3, 3, NULL, 5, NULL, NULL, '2019-11-21 09:46:21', '2019-11-21 09:46:21'),
	(18870, 2039, NULL, 'Rack_514', 6, 4, 2, 0, 9, 6, 2, 2, 3, NULL, 4, NULL, NULL, '2019-11-21 09:46:21', '2019-11-21 09:46:21'),
	(18871, 2031, NULL, 'Rack_348', 6, 4, 3, 0, 5, 4, 3, 8, 3, NULL, 2, NULL, NULL, '2019-11-21 09:46:21', '2019-11-21 09:46:21'),
	(18872, 2036, NULL, 'Rack_462', 7, 4, 4, 0, 8, 4, 7, 4, 3, NULL, 1, NULL, NULL, '2019-11-21 09:46:21', '2019-11-21 09:46:21'),
	(18873, 2038, NULL, 'Rack_989', 2, 4, 5, 0, 7, 1, 0, 8, 3, NULL, 1, NULL, NULL, '2019-11-21 09:46:21', '2019-11-21 09:46:21'),
	(18874, 2032, NULL, 'Rack_245', 5, 4, 0, 0, 9, 0, 1, 0, 3, NULL, 2, NULL, NULL, '2019-11-21 09:46:21', '2019-11-21 09:46:21'),
	(18875, 2029, NULL, 'Rack_935', 6, 4, 1, 0, 0, 0, 8, 1, 3, NULL, 5, NULL, NULL, '2019-11-21 09:46:21', '2019-11-21 09:46:21'),
	(18876, 2041, NULL, 'Rack_492', 0, 4, 8, 0, 7, 8, 4, 8, 3, NULL, 2, NULL, NULL, '2019-11-21 09:46:21', '2019-11-21 09:46:21'),
	(18877, 2042, NULL, 'Rack_319', 3, 4, 0, 0, 6, 4, 1, 7, 3, NULL, 5, NULL, NULL, '2019-11-21 09:46:21', '2019-11-21 09:46:21'),
	(18878, 2031, NULL, 'Rack_573', 4, 4, 2, 0, 2, 7, 4, 3, 3, NULL, 4, NULL, NULL, '2019-11-21 09:46:21', '2019-11-21 09:46:21'),
	(18879, 2033, NULL, 'Rack_423', 1, 4, 8, 0, 5, 6, 4, 1, 3, NULL, 2, NULL, NULL, '2019-11-21 09:46:21', '2019-11-21 09:46:21'),
	(18880, 2030, NULL, 'Rack_832', 7, 4, 9, 0, 7, 3, 7, 7, 3, NULL, 1, NULL, NULL, '2019-11-21 09:46:21', '2019-11-21 09:46:21'),
	(18881, 2043, NULL, 'Rack_210', 2, 4, 9, 0, 7, 7, 2, 7, 3, NULL, 3, NULL, NULL, '2019-11-21 09:46:21', '2019-11-21 09:46:21'),
	(18882, 2031, NULL, 'Rack_432', 0, 4, 7, 0, 5, 2, 3, 4, 3, NULL, 2, NULL, NULL, '2019-11-21 09:46:21', '2019-11-21 09:46:21'),
	(18883, 2039, NULL, 'Rack_566', 8, 4, 6, 0, 7, 6, 8, 8, 3, NULL, 1, NULL, NULL, '2019-11-21 09:46:21', '2019-11-21 09:46:21'),
	(18884, 2041, NULL, 'Rack_900', 4, 4, 7, 0, 2, 5, 4, 5, 3, NULL, 4, NULL, NULL, '2019-11-21 09:46:21', '2019-11-21 09:46:21'),
	(18885, 2033, NULL, 'Rack_825', 3, 4, 8, 0, 2, 3, 0, 9, 3, NULL, 2, NULL, NULL, '2019-11-21 09:46:21', '2019-11-21 09:46:21'),
	(18886, 2032, NULL, 'Rack_115', 7, 4, 6, 0, 5, 5, 5, 1, 3, NULL, 3, NULL, NULL, '2019-11-21 09:46:21', '2019-11-21 09:46:21'),
	(18887, 2037, NULL, 'Rack_234', 5, 4, 8, 0, 7, 7, 0, 5, 3, NULL, 4, NULL, NULL, '2019-11-21 09:46:21', '2019-11-21 09:46:21'),
	(18888, 2024, NULL, 'Rack_114', 4, 4, 3, 0, 0, 3, 9, 9, 3, NULL, 4, NULL, NULL, '2019-11-21 09:46:21', '2019-11-21 09:46:21'),
	(18889, 2041, NULL, 'Rack_235', 6, 4, 4, 0, 9, 6, 7, 7, 3, NULL, 4, NULL, NULL, '2019-11-21 09:46:21', '2019-11-21 09:46:21'),
	(18890, 2043, NULL, 'Rack_424', 4, 4, 2, 0, 0, 1, 8, 8, 3, NULL, 4, NULL, NULL, '2019-11-21 09:46:21', '2019-11-21 09:46:21'),
	(18891, 2031, NULL, 'Rack_246', 5, 4, 2, 0, 3, 6, 6, 9, 3, NULL, 2, NULL, NULL, '2019-11-21 09:46:21', '2019-11-21 09:46:21'),
	(18892, 2037, NULL, 'Rack_415', 2, 4, 8, 0, 4, 7, 3, 0, 3, NULL, 1, NULL, NULL, '2019-11-21 09:46:21', '2019-11-21 09:46:21'),
	(18893, 2044, NULL, 'Rack_463', 9, 4, 1, 0, 5, 4, 6, 1, 3, NULL, 4, NULL, NULL, '2019-11-21 09:46:21', '2019-11-21 09:46:21'),
	(18894, 2035, NULL, 'Rack_737', 0, 4, 0, 0, 8, 3, 8, 6, 3, NULL, 4, NULL, NULL, '2019-11-21 09:46:21', '2019-11-21 09:46:21'),
	(18895, 2035, NULL, 'Rack_226', 1, 4, 8, 0, 8, 5, 4, 6, 3, NULL, 3, NULL, NULL, '2019-11-21 09:46:21', '2019-11-21 09:46:21'),
	(18896, 2044, NULL, 'Rack_981', 1, 4, 1, 0, 4, 1, 5, 9, 3, NULL, 4, NULL, NULL, '2019-11-21 09:46:21', '2019-11-21 09:46:21'),
	(18897, 2023, NULL, 'Rack_828', 5, 4, 1, 0, 1, 5, 6, 8, 3, NULL, 1, NULL, NULL, '2019-11-21 09:46:21', '2019-11-21 09:46:21'),
	(18898, 2025, NULL, 'Rack_706', 7, 4, 7, 0, 9, 4, 1, 1, 3, NULL, 4, NULL, NULL, '2019-11-21 09:46:21', '2019-11-21 09:46:21'),
	(18899, 2023, NULL, 'Rack_764', 0, 4, 0, 0, 1, 3, 2, 7, 3, NULL, 5, NULL, NULL, '2019-11-21 09:46:21', '2019-11-21 09:46:21'),
	(18900, 2044, NULL, 'Rack_592', 8, 4, 5, 0, 6, 7, 2, 0, 3, NULL, 3, NULL, NULL, '2019-11-21 09:46:21', '2019-11-21 09:46:21'),
	(18901, 2026, NULL, 'Rack_291', 3, 4, 4, 0, 1, 4, 4, 1, 3, NULL, 3, NULL, NULL, '2019-11-21 09:46:21', '2019-11-21 09:46:21'),
	(18902, 2031, NULL, 'Rack_478', 9, 4, 4, 0, 4, 3, 1, 5, 3, NULL, 4, NULL, NULL, '2019-11-21 09:46:21', '2019-11-21 09:46:21'),
	(18903, 2025, NULL, 'Rack_930', 2, 4, 6, 0, 3, 8, 5, 6, 3, NULL, 4, NULL, NULL, '2019-11-21 09:46:21', '2019-11-21 09:46:21'),
	(18904, 2036, NULL, 'Rack_861', 9, 4, 7, 0, 6, 7, 4, 5, 3, NULL, 4, NULL, NULL, '2019-11-21 09:46:21', '2019-11-21 09:46:21'),
	(18905, 2038, NULL, 'Rack_935', 9, 4, 6, 0, 1, 6, 5, 0, 3, NULL, 5, NULL, NULL, '2019-11-21 09:46:21', '2019-11-21 09:46:21'),
	(18906, 2026, NULL, 'Rack_127', 0, 4, 2, 0, 3, 6, 2, 9, 3, NULL, 4, NULL, NULL, '2019-11-21 09:46:21', '2019-11-21 09:46:21'),
	(18907, 2030, NULL, 'Rack_758', 1, 4, 7, 0, 9, 8, 8, 8, 3, NULL, 1, NULL, NULL, '2019-11-21 09:46:21', '2019-11-21 09:46:21'),
	(18908, 2023, NULL, 'Rack_485', 2, 4, 8, 0, 0, 4, 4, 6, 3, NULL, 4, NULL, NULL, '2019-11-21 09:46:21', '2019-11-21 09:46:21'),
	(18909, 2033, NULL, 'Rack_881', 5, 4, 6, 0, 9, 2, 1, 2, 3, NULL, 2, NULL, NULL, '2019-11-21 09:46:21', '2019-11-21 09:46:21'),
	(18910, 2042, NULL, 'Rack_723', 4, 4, 7, 0, 6, 8, 5, 8, 3, NULL, 5, NULL, NULL, '2019-11-21 09:46:21', '2019-11-21 09:46:21'),
	(18911, 2034, NULL, 'Rack_432', 2, 4, 9, 0, 7, 5, 2, 1, 3, NULL, 3, NULL, NULL, '2019-11-21 09:46:21', '2019-11-21 09:46:21'),
	(18912, 2040, NULL, 'Rack_819', 9, 4, 1, 0, 8, 5, 8, 8, 3, NULL, 5, NULL, NULL, '2019-11-21 09:46:21', '2019-11-21 09:46:21'),
	(18913, 2025, NULL, 'Rack_582', 9, 4, 2, 0, 3, 6, 2, 3, 3, NULL, 3, NULL, NULL, '2019-11-21 09:46:21', '2019-11-21 09:46:21'),
	(18914, 2023, NULL, 'Rack_764', 6, 4, 7, 0, 4, 0, 7, 8, 3, NULL, 2, NULL, NULL, '2019-11-21 09:46:21', '2019-11-21 09:46:21'),
	(18915, 2033, NULL, 'Rack_324', 7, 4, 4, 0, 9, 5, 8, 7, 3, NULL, 3, NULL, NULL, '2019-11-21 09:46:21', '2019-11-21 09:46:21'),
	(18916, 2034, NULL, 'Rack_736', 9, 4, 7, 0, 9, 6, 1, 0, 3, NULL, 4, NULL, NULL, '2019-11-21 09:46:21', '2019-11-21 09:46:21'),
	(18917, 2044, NULL, 'Rack_863', 0, 4, 6, 0, 4, 9, 4, 7, 3, NULL, 1, NULL, NULL, '2019-11-21 09:46:21', '2019-11-21 09:46:21'),
	(18918, 2032, NULL, 'Rack_631', 3, 4, 7, 0, 2, 7, 4, 3, 3, NULL, 4, NULL, NULL, '2019-11-21 09:46:21', '2019-11-21 09:46:21'),
	(18919, 2035, NULL, 'Rack_844', 8, 4, 7, 0, 9, 8, 9, 3, 3, NULL, 1, NULL, NULL, '2019-11-21 09:46:21', '2019-11-21 09:46:21'),
	(18920, 2028, NULL, 'Rack_970', 7, 4, 4, 0, 9, 3, 1, 7, 3, NULL, 3, NULL, NULL, '2019-11-21 09:46:21', '2019-11-21 09:46:21'),
	(18921, 2026, NULL, 'Rack_735', 3, 4, 7, 0, 6, 9, 5, 1, 3, NULL, 3, NULL, NULL, '2019-11-21 09:46:21', '2019-11-21 09:46:21'),
	(18922, 2038, NULL, 'Rack_458', 4, 4, 0, 0, 6, 5, 9, 4, 3, NULL, 2, NULL, NULL, '2019-11-21 09:46:21', '2019-11-21 09:46:21'),
	(18923, 2026, NULL, 'Rack_201', 3, 4, 6, 0, 6, 3, 6, 0, 3, NULL, 3, NULL, NULL, '2019-11-21 09:46:21', '2019-11-21 09:46:21'),
	(18924, 2039, NULL, 'Rack_867', 3, 4, 1, 0, 2, 1, 1, 0, 3, NULL, 1, NULL, NULL, '2019-11-21 09:46:21', '2019-11-21 09:46:21'),
	(18925, 2033, NULL, 'Rack_466', 2, 4, 1, 0, 1, 0, 5, 4, 3, NULL, 1, NULL, NULL, '2019-11-21 09:46:21', '2019-11-21 09:46:21'),
	(18926, 2027, NULL, 'Rack_426', 0, 4, 8, 0, 2, 4, 4, 2, 3, NULL, 3, NULL, NULL, '2019-11-21 09:46:21', '2019-11-21 09:46:21'),
	(18927, 2023, NULL, 'Rack_186', 7, 4, 5, 0, 7, 5, 0, 6, 3, NULL, 4, NULL, NULL, '2019-11-21 09:46:21', '2019-11-21 09:46:21'),
	(18928, 2041, NULL, 'Rack_529', 4, 4, 6, 0, 3, 9, 0, 9, 3, NULL, 5, NULL, NULL, '2019-11-21 09:46:21', '2019-11-21 09:46:21'),
	(18929, 2041, NULL, 'Rack_577', 7, 4, 7, 0, 1, 4, 7, 7, 3, NULL, 1, NULL, NULL, '2019-11-21 09:46:21', '2019-11-21 09:46:21'),
	(18930, 2025, NULL, 'Rack_803', 4, 4, 9, 0, 2, 5, 7, 3, 3, NULL, 4, NULL, NULL, '2019-11-21 09:46:21', '2019-11-21 09:46:21'),
	(18931, 2023, NULL, 'Rack_260', 8, 4, 2, 0, 2, 1, 2, 2, 3, NULL, 4, NULL, NULL, '2019-11-21 09:46:21', '2019-11-21 09:46:21'),
	(18932, 2034, NULL, 'Rack_336', 4, 4, 9, 0, 9, 6, 7, 0, 3, NULL, 3, NULL, NULL, '2019-11-21 09:46:21', '2019-11-21 09:46:21'),
	(18933, 2029, NULL, 'Rack_658', 4, 4, 9, 0, 4, 4, 4, 5, 3, NULL, 2, NULL, NULL, '2019-11-21 09:46:21', '2019-11-21 09:46:21'),
	(18934, 2041, NULL, 'Rack_148', 6, 4, 1, 0, 5, 3, 5, 0, 3, NULL, 4, NULL, NULL, '2019-11-21 09:46:21', '2019-11-21 09:46:21'),
	(18935, 2040, NULL, 'Rack_429', 0, 4, 7, 0, 6, 7, 7, 7, 3, NULL, 4, NULL, NULL, '2019-11-21 09:46:21', '2019-11-21 09:46:21'),
	(18936, 2030, NULL, 'Rack_156', 7, 4, 9, 0, 1, 8, 3, 8, 3, NULL, 2, NULL, NULL, '2019-11-21 09:46:21', '2019-11-21 09:46:21'),
	(18937, 2036, NULL, 'Rack_194', 8, 4, 6, 0, 5, 5, 6, 4, 3, NULL, 1, NULL, NULL, '2019-11-21 09:46:21', '2019-11-21 09:46:21'),
	(18938, 2034, NULL, 'Rack_225', 7, 4, 0, 0, 5, 2, 0, 1, 3, NULL, 2, NULL, NULL, '2019-11-21 09:46:21', '2019-11-21 09:46:21'),
	(18939, 2030, NULL, 'Rack_402', 7, 4, 9, 0, 3, 8, 6, 0, 3, NULL, 3, NULL, NULL, '2019-11-21 09:46:21', '2019-11-21 09:46:21'),
	(18940, 2038, NULL, 'Rack_889', 1, 4, 3, 0, 7, 0, 6, 9, 3, NULL, 2, NULL, NULL, '2019-11-21 09:46:21', '2019-11-21 09:46:21'),
	(18941, 2027, NULL, 'Rack_506', 7, 4, 8, 0, 6, 7, 3, 7, 3, NULL, 4, NULL, NULL, '2019-11-21 09:46:21', '2019-11-21 09:46:21'),
	(18942, 2042, NULL, 'Rack_895', 0, 4, 1, 0, 4, 5, 1, 9, 3, NULL, 3, NULL, NULL, '2019-11-21 09:46:21', '2019-11-21 09:46:21'),
	(18943, 2036, NULL, 'Rack_404', 1, 4, 0, 0, 7, 0, 9, 8, 3, NULL, 2, NULL, NULL, '2019-11-21 09:46:21', '2019-11-21 09:46:21'),
	(18944, 2027, NULL, 'Rack_913', 9, 4, 3, 0, 3, 1, 2, 7, 3, NULL, 3, NULL, NULL, '2019-11-21 09:46:21', '2019-11-21 09:46:21'),
	(18945, 2028, NULL, 'Rack_181', 7, 4, 7, 0, 1, 5, 6, 7, 3, NULL, 3, NULL, NULL, '2019-11-21 09:46:21', '2019-11-21 09:46:21'),
	(18946, 2034, NULL, 'Rack_150', 4, 4, 1, 0, 1, 9, 8, 3, 3, NULL, 4, NULL, NULL, '2019-11-21 09:46:21', '2019-11-21 09:46:21'),
	(18947, 2040, NULL, 'Rack_696', 8, 4, 8, 0, 3, 7, 8, 8, 3, NULL, 4, NULL, NULL, '2019-11-21 09:46:21', '2019-11-21 09:46:21'),
	(18948, 2041, NULL, 'Rack_331', 1, 4, 9, 0, 3, 2, 7, 7, 3, NULL, 1, NULL, NULL, '2019-11-21 09:46:21', '2019-11-21 09:46:21'),
	(18949, 2033, NULL, 'Rack_981', 0, 4, 7, 0, 5, 2, 1, 9, 3, NULL, 5, NULL, NULL, '2019-11-21 09:46:21', '2019-11-21 09:46:21'),
	(18950, 2036, NULL, 'Rack_254', 5, 4, 6, 0, 1, 8, 8, 9, 3, NULL, 2, NULL, NULL, '2019-11-21 09:46:21', '2019-11-21 09:46:21'),
	(18951, 2026, NULL, 'Rack_611', 9, 4, 8, 0, 5, 2, 7, 7, 3, NULL, 3, NULL, NULL, '2019-11-21 09:46:21', '2019-11-21 09:46:21'),
	(18952, 2033, NULL, 'Rack_647', 4, 4, 1, 0, 2, 4, 4, 6, 3, NULL, 5, NULL, NULL, '2019-11-21 09:46:21', '2019-11-21 09:46:21'),
	(18953, 2041, NULL, 'Rack_571', 7, 4, 8, 0, 6, 6, 5, 9, 3, NULL, 2, NULL, NULL, '2019-11-21 09:46:21', '2019-11-21 09:46:21'),
	(18954, 2031, NULL, 'Rack_220', 1, 4, 2, 0, 2, 4, 5, 7, 3, NULL, 5, NULL, NULL, '2019-11-21 09:46:21', '2019-11-21 09:46:21'),
	(18955, 2044, NULL, 'Rack_722', 6, 4, 9, 0, 5, 5, 6, 6, 3, NULL, 5, NULL, NULL, '2019-11-21 09:46:21', '2019-11-21 09:46:21'),
	(18956, 2037, NULL, 'Rack_684', 1, 4, 4, 0, 9, 8, 8, 6, 3, NULL, 2, NULL, NULL, '2019-11-21 09:46:21', '2019-11-21 09:46:21'),
	(18957, 2023, NULL, 'Rack_833', 3, 4, 7, 0, 2, 6, 8, 5, 3, NULL, 4, NULL, NULL, '2019-11-21 09:46:21', '2019-11-21 09:46:21'),
	(18958, 2033, NULL, 'Rack_180', 0, 4, 5, 0, 5, 9, 5, 6, 3, NULL, 1, NULL, NULL, '2019-11-21 09:46:21', '2019-11-21 09:46:21'),
	(18959, 2036, NULL, 'Rack_511', 3, 4, 5, 0, 4, 6, 9, 3, 3, NULL, 2, NULL, NULL, '2019-11-21 09:46:21', '2019-11-21 09:46:21'),
	(18960, 2033, NULL, 'Rack_774', 9, 4, 9, 0, 5, 8, 8, 5, 3, NULL, 5, NULL, NULL, '2019-11-21 09:46:21', '2019-11-21 09:46:21'),
	(18961, 2037, NULL, 'Rack_131', 1, 4, 9, 0, 5, 4, 2, 5, 3, NULL, 3, NULL, NULL, '2019-11-21 09:46:21', '2019-11-21 09:46:21'),
	(18962, 2042, NULL, 'Rack_142', 6, 4, 9, 0, 0, 6, 2, 1, 3, NULL, 1, NULL, NULL, '2019-11-21 09:46:21', '2019-11-21 09:46:21'),
	(18963, 2044, NULL, 'Rack_795', 7, 4, 8, 0, 5, 2, 2, 8, 3, NULL, 5, NULL, NULL, '2019-11-21 09:46:21', '2019-11-21 09:46:21'),
	(18964, 2037, NULL, 'Rack_998', 7, 4, 1, 0, 3, 7, 1, 5, 3, NULL, 2, NULL, NULL, '2019-11-21 09:46:21', '2019-11-21 09:46:21'),
	(18965, 2031, NULL, 'Rack_282', 1, 4, 8, 0, 9, 1, 2, 8, 3, NULL, 2, NULL, NULL, '2019-11-21 09:46:21', '2019-11-21 09:46:21'),
	(18966, 2036, NULL, 'Rack_672', 2, 4, 4, 0, 4, 5, 1, 6, 3, NULL, 3, NULL, NULL, '2019-11-21 09:46:21', '2019-11-21 09:46:21'),
	(18967, 2041, NULL, 'Rack_374', 1, 4, 9, 0, 7, 2, 1, 5, 3, NULL, 5, NULL, NULL, '2019-11-21 09:46:21', '2019-11-21 09:46:21'),
	(18968, 2029, NULL, 'Rack_816', 3, 4, 9, 0, 9, 2, 3, 0, 3, NULL, 3, NULL, NULL, '2019-11-21 09:46:21', '2019-11-21 09:46:21'),
	(18969, 2029, NULL, 'Rack_512', 9, 4, 6, 0, 2, 8, 9, 6, 3, NULL, 4, NULL, NULL, '2019-11-21 09:46:21', '2019-11-21 09:46:21'),
	(18970, 2040, NULL, 'Rack_363', 6, 4, 0, 0, 0, 5, 6, 3, 3, NULL, 2, NULL, NULL, '2019-11-21 09:46:21', '2019-11-21 09:46:21'),
	(18971, 2040, NULL, 'Rack_217', 0, 4, 9, 0, 6, 8, 2, 6, 3, NULL, 2, NULL, NULL, '2019-11-21 09:46:21', '2019-11-21 09:46:21'),
	(18972, 2040, NULL, 'Rack_950', 5, 4, 3, 0, 9, 6, 6, 7, 3, NULL, 4, NULL, NULL, '2019-11-21 09:46:21', '2019-11-21 09:46:21'),
	(18973, 2034, NULL, 'Rack_935', 3, 4, 7, 0, 1, 3, 8, 0, 3, NULL, 3, NULL, NULL, '2019-11-21 09:46:21', '2019-11-21 09:46:21'),
	(18974, 2027, NULL, 'Rack_252', 9, 4, 5, 0, 0, 8, 4, 8, 3, NULL, 1, NULL, NULL, '2019-11-21 09:46:21', '2019-11-21 09:46:21'),
	(18975, 2023, NULL, 'Rack_395', 5, 4, 7, 0, 8, 4, 4, 6, 3, NULL, 2, NULL, NULL, '2019-11-21 09:46:21', '2019-11-21 09:46:21'),
	(18976, 2035, NULL, 'Rack_326', 6, 4, 3, 0, 1, 0, 4, 6, 3, NULL, 2, NULL, NULL, '2019-11-21 09:46:21', '2019-11-21 09:46:21'),
	(18977, 2028, NULL, 'Rack_397', 0, 4, 2, 0, 6, 5, 3, 9, 3, NULL, 5, NULL, NULL, '2019-11-21 09:46:21', '2019-11-21 09:46:21'),
	(18978, 2027, NULL, 'Rack_565', 2, 4, 3, 0, 9, 0, 6, 1, 3, NULL, 1, NULL, NULL, '2019-11-21 09:46:21', '2019-11-21 09:46:21'),
	(18979, 2033, NULL, 'Rack_428', 5, 4, 1, 0, 3, 9, 1, 6, 3, NULL, 1, NULL, NULL, '2019-11-21 09:46:21', '2019-11-21 09:46:21'),
	(18980, 2040, NULL, 'Rack_712', 1, 4, 8, 0, 2, 6, 1, 6, 3, NULL, 2, NULL, NULL, '2019-11-21 09:46:21', '2019-11-21 09:46:21'),
	(18981, 2038, NULL, 'Rack_455', 8, 4, 8, 0, 0, 3, 4, 3, 3, NULL, 4, NULL, NULL, '2019-11-21 09:46:21', '2019-11-21 09:46:21'),
	(18982, 2035, NULL, 'Rack_427', 7, 4, 3, 0, 8, 7, 7, 0, 3, NULL, 2, NULL, NULL, '2019-11-21 09:46:21', '2019-11-21 09:46:21'),
	(18983, 2040, NULL, 'Rack_414', 7, 4, 1, 0, 3, 6, 3, 6, 3, NULL, 2, NULL, NULL, '2019-11-21 09:46:21', '2019-11-21 09:46:21'),
	(18984, 2043, NULL, 'Rack_700', 6, 4, 3, 0, 6, 6, 5, 9, 3, NULL, 5, NULL, NULL, '2019-11-21 09:46:21', '2019-11-21 09:46:21'),
	(18985, 2027, NULL, 'Rack_137', 4, 4, 8, 0, 3, 4, 8, 9, 3, NULL, 5, NULL, NULL, '2019-11-21 09:46:21', '2019-11-21 09:46:21'),
	(18986, 2038, NULL, 'Rack_443', 0, 4, 3, 0, 7, 5, 5, 4, 3, NULL, 3, NULL, NULL, '2019-11-21 09:46:21', '2019-11-21 09:46:21'),
	(18987, 2030, NULL, 'Rack_241', 3, 4, 0, 0, 6, 4, 6, 5, 3, NULL, 5, NULL, NULL, '2019-11-21 09:46:21', '2019-11-21 09:46:21'),
	(18988, 2026, NULL, 'Rack_187', 6, 4, 5, 0, 7, 4, 5, 2, 3, NULL, 2, NULL, NULL, '2019-11-21 09:46:21', '2019-11-21 09:46:21'),
	(18989, 2023, NULL, 'Rack_497', 1, 4, 9, 0, 2, 6, 6, 3, 3, NULL, 4, NULL, NULL, '2019-11-21 09:46:21', '2019-11-21 09:46:21'),
	(18990, 2025, NULL, 'Rack_556', 0, 4, 9, 0, 4, 8, 6, 2, 3, NULL, 4, NULL, NULL, '2019-11-21 09:46:21', '2019-11-21 09:46:21'),
	(18991, 2031, NULL, 'Rack_922', 4, 4, 0, 0, 8, 0, 9, 5, 3, NULL, 4, NULL, NULL, '2019-11-21 09:46:21', '2019-11-21 09:46:21'),
	(18992, 2037, NULL, 'Rack_647', 6, 4, 8, 0, 1, 3, 4, 8, 3, NULL, 5, NULL, NULL, '2019-11-21 09:46:21', '2019-11-21 09:46:21'),
	(18993, 2044, NULL, 'Rack_369', 5, 4, 4, 0, 7, 6, 6, 6, 3, NULL, 4, NULL, NULL, '2019-11-21 09:46:21', '2019-11-21 09:46:21'),
	(18994, 2042, NULL, 'Rack_958', 3, 4, 5, 0, 8, 0, 3, 9, 3, NULL, 5, NULL, NULL, '2019-11-21 09:46:21', '2019-11-21 09:46:21'),
	(18995, 2031, NULL, 'Rack_481', 7, 4, 8, 0, 8, 4, 3, 2, 3, NULL, 4, NULL, NULL, '2019-11-21 09:46:21', '2019-11-21 09:46:21'),
	(18996, 2041, NULL, 'Rack_960', 0, 4, 8, 0, 0, 2, 9, 8, 3, NULL, 3, NULL, NULL, '2019-11-21 09:46:21', '2019-11-21 09:46:21'),
	(18997, 2026, NULL, 'Rack_664', 0, 4, 5, 0, 3, 7, 9, 6, 3, NULL, 2, NULL, NULL, '2019-11-21 09:46:21', '2019-11-21 09:46:21'),
	(18998, 2044, NULL, 'Rack_118', 6, 4, 1, 0, 2, 0, 7, 4, 3, NULL, 5, NULL, NULL, '2019-11-21 09:46:21', '2019-11-21 09:46:21'),
	(18999, 2023, NULL, 'Rack_866', 8, 4, 3, 0, 2, 1, 7, 3, 3, NULL, 3, NULL, NULL, '2019-11-21 09:46:21', '2019-11-21 09:46:21'),
	(19000, 2028, NULL, 'Rack_612', 1, 4, 1, 0, 5, 1, 4, 1, 3, NULL, 2, NULL, NULL, '2019-11-21 09:46:21', '2019-11-21 09:46:21'),
	(19001, 2042, NULL, 'Rack_381', 4, 4, 1, 0, 6, 8, 9, 9, 3, NULL, 4, NULL, NULL, '2019-11-21 09:46:21', '2019-11-21 09:46:21'),
	(19002, 2025, NULL, 'Rack_171', 3, 4, 4, 0, 1, 0, 6, 4, 3, NULL, 2, NULL, NULL, '2019-11-21 09:46:21', '2019-11-21 09:46:21'),
	(19003, 2032, NULL, 'Rack_713', 0, 4, 9, 0, 1, 0, 3, 3, 3, NULL, 5, NULL, NULL, '2019-11-21 09:46:21', '2019-11-21 09:46:21'),
	(19004, 2032, NULL, 'Rack_825', 7, 4, 5, 0, 8, 3, 6, 2, 3, NULL, 5, NULL, NULL, '2019-11-21 09:46:21', '2019-11-21 09:46:21'),
	(19005, 2025, NULL, 'Rack_976', 4, 4, 7, 0, 4, 7, 9, 4, 3, NULL, 1, NULL, NULL, '2019-11-21 09:46:21', '2019-11-21 09:46:21'),
	(19006, 2029, NULL, 'Rack_571', 6, 4, 5, 0, 1, 5, 2, 5, 3, NULL, 4, NULL, NULL, '2019-11-21 09:46:21', '2019-11-21 09:46:21'),
	(19007, 2035, NULL, 'Rack_272', 6, 4, 1, 0, 3, 3, 6, 2, 3, NULL, 4, NULL, NULL, '2019-11-21 09:46:21', '2019-11-21 09:46:21'),
	(19008, 2029, NULL, 'Rack_937', 0, 4, 9, 0, 3, 8, 7, 5, 3, NULL, 5, NULL, NULL, '2019-11-21 09:46:21', '2019-11-21 09:46:21'),
	(19009, 2041, NULL, 'Rack_288', 3, 4, 0, 0, 8, 2, 2, 3, 3, NULL, 2, NULL, NULL, '2019-11-21 09:46:21', '2019-11-21 09:46:21'),
	(19010, 2042, NULL, 'Rack_269', 0, 4, 0, 0, 8, 3, 2, 0, 3, NULL, 2, NULL, NULL, '2019-11-21 09:46:21', '2019-11-21 09:46:21'),
	(19011, 2040, NULL, 'Rack_684', 0, 4, 9, 0, 2, 8, 2, 4, 3, NULL, 5, NULL, NULL, '2019-11-21 09:46:21', '2019-11-21 09:46:21'),
	(19012, 2031, NULL, 'Rack_274', 9, 4, 4, 0, 0, 5, 8, 1, 3, NULL, 4, NULL, NULL, '2019-11-21 09:46:21', '2019-11-21 09:46:21'),
	(19013, 2033, NULL, 'Rack_421', 6, 4, 9, 0, 1, 2, 8, 0, 3, NULL, 5, NULL, NULL, '2019-11-21 09:46:21', '2019-11-21 09:46:21'),
	(19014, 2025, NULL, 'Rack_357', 3, 4, 3, 0, 2, 7, 6, 0, 3, NULL, 5, NULL, NULL, '2019-11-21 09:46:21', '2019-11-21 09:46:21'),
	(19015, 2034, NULL, 'Rack_286', 2, 4, 2, 0, 8, 4, 2, 9, 3, NULL, 1, NULL, NULL, '2019-11-21 09:46:21', '2019-11-21 09:46:21'),
	(19016, 2029, NULL, 'Rack_761', 2, 4, 2, 0, 7, 3, 6, 1, 3, NULL, 3, NULL, NULL, '2019-11-21 09:46:21', '2019-11-21 09:46:21'),
	(19017, 2026, NULL, 'Rack_404', 5, 4, 0, 0, 7, 8, 5, 4, 3, NULL, 1, NULL, NULL, '2019-11-21 09:46:21', '2019-11-21 09:46:21'),
	(19018, 2023, NULL, 'Rack_758', 2, 4, 3, 0, 3, 0, 8, 1, 3, NULL, 2, NULL, NULL, '2019-11-21 09:46:21', '2019-11-21 09:46:21'),
	(19019, 2521, NULL, 'Rack_5345', 5, 5, 4, 0, 4, 4, 4, 4, 1, NULL, 4, NULL, NULL, '2019-11-21 10:31:17', '2019-11-21 10:31:17'),
	(19020, 2521, NULL, 'rack_35435', 5, 5, 5, 20, 5, 5, 5, 5, 1, NULL, 1, NULL, NULL, '2019-11-21 10:45:41', '2019-11-21 10:45:41'),
	(19021, 2521, 2, 'dzadazdn', NULL, 4, NULL, NULL, 5, NULL, 4, 5, 1, 2, 1, NULL, NULL, '2019-11-21 11:00:55', '2020-02-11 02:39:22'),
	(19022, 2521, NULL, 'hgjhj', 5, 4, 5, 20, 5, 5, 5, 5, 1, NULL, 1, NULL, NULL, '2019-11-21 11:19:26', '2019-11-21 11:19:26'),
	(19023, 2521, NULL, 'hgjhja', 5, 4, 5, 20, 5, 5, 5, 5, 1, NULL, 1, NULL, NULL, '2019-11-21 11:21:30', '2019-11-21 11:21:30'),
	(19024, 2521, NULL, 'dazfazdazd', 5, 4, 5, 20, 5, 5, 5, 5, 1, NULL, 1, NULL, NULL, '2019-11-21 11:22:23', '2019-11-21 11:22:23'),
	(19025, 2521, NULL, 'dazfazdazdaa', 5, 4, 5, 20, 5, 5, 5, 5, 1, NULL, 1, NULL, NULL, '2019-11-21 11:22:31', '2019-11-21 11:22:31'),
	(19026, 2521, NULL, 'dazfazdazdaajk', 5, 4, 5, 20, 30, 5, 5, 20, 1, NULL, 1, NULL, NULL, '2019-11-21 11:58:40', '2019-11-21 11:58:40'),
	(19027, 2522, NULL, '20', 2, 5, 3, 20, 22, 10, 0, 5, 2, NULL, 1, NULL, NULL, '2019-11-30 02:46:53', '2019-11-30 02:46:53'),
	(19028, 2522, NULL, 'rack01', 5, 5, 2, 20, NULL, 2, NULL, NULL, 1, NULL, 5, NULL, NULL, '2019-12-02 11:28:48', '2019-12-02 11:28:48'),
	(19029, 2522, NULL, 'rack011', 5, 5, 2, 20, NULL, 2, NULL, NULL, 1, NULL, 5, NULL, NULL, '2019-12-02 11:32:42', '2019-12-02 11:32:42'),
	(19030, 2522, 2, 'rack 2522-2', 5, 5, 6, 6, 180, NULL, 0, 180, 2, 0, 3, NULL, NULL, '2020-02-11 01:43:38', '2020-02-11 01:43:38'),
	(19033, 2523, 2, 'rea', 2, 4, 6, 6, 72, NULL, 0, 72, 1, 0, 1, NULL, NULL, '2020-02-11 02:49:52', '2020-02-11 02:49:52'),
	(19036, 2523, 2, 'visual', 4, 4, 6, 6, 144, NULL, 0, 144, 1, 0, 1, NULL, NULL, '2020-02-11 03:25:20', '2020-02-11 03:25:20'),
	(19037, 2523, 3, 'odf_test', 4, 4, 6, 5, 120, NULL, 0, 120, 1, 0, 1, NULL, NULL, '2020-02-13 03:07:26', '2020-02-13 03:07:26');
/*!40000 ALTER TABLE `infra_odf` ENABLE KEYS */;

-- Export de la structure de la table gip. infra_pb
DROP TABLE IF EXISTS `infra_pb`;
CREATE TABLE IF NOT EXISTS `infra_pb` (
  `id` int(10) unsigned NOT NULL AUTO_INCREMENT,
  `site_infra_id` int(10) unsigned NOT NULL,
  `rack_identity` varchar(150) COLLATE utf8mb4_unicode_ci NOT NULL,
  `unites` int(10) unsigned NOT NULL,
  `nbr_port_ethernet` int(11) NOT NULL,
  `nbr_platines` int(11) NOT NULL,
  `nbr_ports_platine` int(11) NOT NULL,
  `type_connecteur` int(10) unsigned NOT NULL,
  `capacite_brassage` int(11) NOT NULL,
  `infra_pbcol` varchar(45) COLLATE utf8mb4_unicode_ci DEFAULT NULL,
  `type_pb` int(10) unsigned DEFAULT NULL,
  `type_platine_id` int(10) unsigned DEFAULT NULL,
  `deleted_at` timestamp NULL DEFAULT NULL,
  `created_at` timestamp NULL DEFAULT NULL,
  `updated_at` timestamp NULL DEFAULT NULL,
  PRIMARY KEY (`id`),
  KEY `infra_PB_ibfk_2` (`unites`),
  KEY `infra_PB_ibfk_3` (`type_connecteur`),
  KEY `FK_infra_pb_infra_pb_platine` (`type_platine_id`),
  KEY `fk_infra_PB_type_idx` (`type_pb`),
  KEY `site_infra_id_pb` (`site_infra_id`),
  CONSTRAINT `FK_infra_pb_infra_pb_platine` FOREIGN KEY (`type_platine_id`) REFERENCES `infra_pb_platine` (`id`),
  CONSTRAINT `fk_infra_PB_type_idx` FOREIGN KEY (`type_pb`) REFERENCES `infra_pb_type` (`id`),
  CONSTRAINT `infra_PB_ibfk_2` FOREIGN KEY (`unites`) REFERENCES `infra_pb_unite` (`id`) ON DELETE CASCADE ON UPDATE CASCADE,
  CONSTRAINT `infra_PB_ibfk_3` FOREIGN KEY (`type_connecteur`) REFERENCES `infra_pb_connecteurs` (`id`) ON DELETE CASCADE ON UPDATE CASCADE,
  CONSTRAINT `site_infra_id_pb` FOREIGN KEY (`site_infra_id`) REFERENCES `sites_infra` (`id`) ON DELETE CASCADE ON UPDATE CASCADE
) ENGINE=InnoDB DEFAULT CHARSET=utf8mb4 COLLATE=utf8mb4_unicode_ci;

-- Export de données de la table gip.infra_pb : ~0 rows (environ)
/*!40000 ALTER TABLE `infra_pb` DISABLE KEYS */;
/*!40000 ALTER TABLE `infra_pb` ENABLE KEYS */;

-- Export de la structure de la table gip. infra_pb_connecteurs
DROP TABLE IF EXISTS `infra_pb_connecteurs`;
CREATE TABLE IF NOT EXISTS `infra_pb_connecteurs` (
  `id` int(10) unsigned NOT NULL AUTO_INCREMENT,
  `type` varchar(45) COLLATE utf8mb4_unicode_ci NOT NULL COMMENT 'Une liste dÃ©roulante qui contient le type de connecteurs tel-que',
  `deleted_at` timestamp NULL DEFAULT NULL,
  `created_at` timestamp NULL DEFAULT NULL,
  `updated_at` timestamp NULL DEFAULT NULL,
  PRIMARY KEY (`id`)
) ENGINE=InnoDB DEFAULT CHARSET=utf8mb4 COLLATE=utf8mb4_unicode_ci;

-- Export de données de la table gip.infra_pb_connecteurs : ~0 rows (environ)
/*!40000 ALTER TABLE `infra_pb_connecteurs` DISABLE KEYS */;
/*!40000 ALTER TABLE `infra_pb_connecteurs` ENABLE KEYS */;

-- Export de la structure de la table gip. infra_pb_platine
DROP TABLE IF EXISTS `infra_pb_platine`;
CREATE TABLE IF NOT EXISTS `infra_pb_platine` (
  `id` int(10) unsigned NOT NULL AUTO_INCREMENT,
  `type` varchar(100) COLLATE utf8mb4_unicode_ci NOT NULL COMMENT 'Liste dÃ©roulante qui contient les valeurs suivantes ',
  PRIMARY KEY (`id`)
) ENGINE=InnoDB DEFAULT CHARSET=utf8mb4 COLLATE=utf8mb4_unicode_ci;

-- Export de données de la table gip.infra_pb_platine : ~0 rows (environ)
/*!40000 ALTER TABLE `infra_pb_platine` DISABLE KEYS */;
/*!40000 ALTER TABLE `infra_pb_platine` ENABLE KEYS */;

-- Export de la structure de la table gip. infra_pb_type
DROP TABLE IF EXISTS `infra_pb_type`;
CREATE TABLE IF NOT EXISTS `infra_pb_type` (
  `id` int(10) unsigned NOT NULL AUTO_INCREMENT,
  `name` varchar(40) COLLATE utf8mb4_unicode_ci NOT NULL,
  `deleted_at` timestamp NULL DEFAULT NULL,
  `created_at` timestamp NULL DEFAULT NULL,
  `updated_at` timestamp NULL DEFAULT NULL,
  PRIMARY KEY (`id`)
) ENGINE=InnoDB DEFAULT CHARSET=utf8mb4 COLLATE=utf8mb4_unicode_ci;

-- Export de données de la table gip.infra_pb_type : ~0 rows (environ)
/*!40000 ALTER TABLE `infra_pb_type` DISABLE KEYS */;
/*!40000 ALTER TABLE `infra_pb_type` ENABLE KEYS */;

-- Export de la structure de la table gip. infra_pb_unite
DROP TABLE IF EXISTS `infra_pb_unite`;
CREATE TABLE IF NOT EXISTS `infra_pb_unite` (
  `id` int(10) unsigned NOT NULL AUTO_INCREMENT,
  `desc_unites` varchar(50) COLLATE utf8mb4_unicode_ci DEFAULT NULL,
  `deleted_at` timestamp NULL DEFAULT NULL,
  `created_at` timestamp NULL DEFAULT NULL,
  `updated_at` timestamp NULL DEFAULT NULL,
  PRIMARY KEY (`id`)
) ENGINE=InnoDB DEFAULT CHARSET=utf8mb4 COLLATE=utf8mb4_unicode_ci;

-- Export de données de la table gip.infra_pb_unite : ~0 rows (environ)
/*!40000 ALTER TABLE `infra_pb_unite` DISABLE KEYS */;
/*!40000 ALTER TABLE `infra_pb_unite` ENABLE KEYS */;

-- Export de la structure de la table gip. infra_plateau_odf
DROP TABLE IF EXISTS `infra_plateau_odf`;
CREATE TABLE IF NOT EXISTS `infra_plateau_odf` (
  `id` int(10) unsigned NOT NULL AUTO_INCREMENT,
  `odf_id` int(10) unsigned NOT NULL,
  `rang` int(11) DEFAULT NULL,
  `name` varchar(150) COLLATE utf8mb4_unicode_ci NOT NULL,
  `deleted_at` timestamp NULL DEFAULT NULL,
  `created_at` timestamp NULL DEFAULT NULL,
  `updated_at` timestamp NULL DEFAULT NULL,
  PRIMARY KEY (`id`),
  KEY `odf_id_plateau` (`odf_id`),
  CONSTRAINT `odf_id_plateau` FOREIGN KEY (`odf_id`) REFERENCES `infra_odf` (`id`)
) ENGINE=InnoDB AUTO_INCREMENT=13 DEFAULT CHARSET=utf8mb4 COLLATE=utf8mb4_unicode_ci;

-- Export de données de la table gip.infra_plateau_odf : ~4 rows (environ)
/*!40000 ALTER TABLE `infra_plateau_odf` DISABLE KEYS */;
INSERT INTO `infra_plateau_odf` (`id`, `odf_id`, `rang`, `name`, `deleted_at`, `created_at`, `updated_at`) VALUES
	(5, 19036, 1, 'Plateau 1', NULL, '2020-02-11 03:25:20', '2020-02-13 02:34:33'),
	(6, 19036, 2, 'Plateau 2', NULL, '2020-02-11 03:25:21', '2020-02-11 03:25:21'),
	(7, 19036, 3, 'Plateau 3', NULL, '2020-02-11 03:25:23', '2020-02-11 03:25:23'),
	(8, 19036, 4, 'Plateau 4', NULL, '2020-02-11 03:25:25', '2020-02-11 03:25:25'),
	(9, 19037, 1, 'Plateau 1', NULL, '2020-02-13 03:07:26', '2020-02-15 12:46:05'),
	(10, 19037, 2, 'Plateau 2', NULL, '2020-02-13 03:07:28', '2020-02-13 03:07:28'),
	(11, 19037, 3, 'Plateau 3', NULL, '2020-02-13 03:07:29', '2020-02-13 03:07:29'),
	(12, 19037, 4, 'Plateau 4', NULL, '2020-02-13 03:07:30', '2020-02-13 03:07:30');
/*!40000 ALTER TABLE `infra_plateau_odf` ENABLE KEYS */;

-- Export de la structure de la table gip. infra_platine_pb
DROP TABLE IF EXISTS `infra_platine_pb`;
CREATE TABLE IF NOT EXISTS `infra_platine_pb` (
  `id` int(10) unsigned NOT NULL AUTO_INCREMENT,
  `pb_id` int(10) unsigned NOT NULL,
  `name` varchar(150) COLLATE utf8mb4_unicode_ci NOT NULL,
  `nbr_ports` int(11) NOT NULL,
  PRIMARY KEY (`id`),
  KEY `pb_id` (`pb_id`),
  CONSTRAINT `pb_id` FOREIGN KEY (`pb_id`) REFERENCES `infra_pb` (`id`)
) ENGINE=InnoDB DEFAULT CHARSET=utf8mb4 COLLATE=utf8mb4_unicode_ci;

-- Export de données de la table gip.infra_platine_pb : ~0 rows (environ)
/*!40000 ALTER TABLE `infra_platine_pb` DISABLE KEYS */;
/*!40000 ALTER TABLE `infra_platine_pb` ENABLE KEYS */;

-- Export de la structure de la table gip. infra_port_ddf
DROP TABLE IF EXISTS `infra_port_ddf`;
CREATE TABLE IF NOT EXISTS `infra_port_ddf` (
  `id` int(10) unsigned NOT NULL AUTO_INCREMENT,
  `reglette_id` int(10) unsigned NOT NULL,
  `desc_src` varchar(100) COLLATE utf8mb4_unicode_ci NOT NULL,
  `desc_dest` varchar(100) COLLATE utf8mb4_unicode_ci NOT NULL,
  `type_tx_rx` varchar(5) COLLATE utf8mb4_unicode_ci NOT NULL,
  PRIMARY KEY (`id`),
  KEY `reglette_id` (`reglette_id`,`type_tx_rx`),
  CONSTRAINT `reglette_id` FOREIGN KEY (`reglette_id`) REFERENCES `infra_reglette_ddf` (`id`) ON DELETE CASCADE ON UPDATE CASCADE
) ENGINE=InnoDB DEFAULT CHARSET=utf8mb4 COLLATE=utf8mb4_unicode_ci;

-- Export de données de la table gip.infra_port_ddf : ~0 rows (environ)
/*!40000 ALTER TABLE `infra_port_ddf` DISABLE KEYS */;
/*!40000 ALTER TABLE `infra_port_ddf` ENABLE KEYS */;

-- Export de la structure de la table gip. infra_port_pb
DROP TABLE IF EXISTS `infra_port_pb`;
CREATE TABLE IF NOT EXISTS `infra_port_pb` (
  `id` int(10) unsigned NOT NULL AUTO_INCREMENT,
  `platine_id` int(10) unsigned NOT NULL,
  `desc_src` varchar(100) COLLATE utf8mb4_unicode_ci NOT NULL,
  `etat_port` int(10) unsigned NOT NULL,
  PRIMARY KEY (`id`),
  KEY `fk_infra_port_pb_etat_idx` (`etat_port`),
  KEY `fk_infra_port_pb_platine_idx` (`platine_id`),
  CONSTRAINT `fk_infra_port_pb_etat_idx` FOREIGN KEY (`etat_port`) REFERENCES `infra_etat_tx_rx` (`id`) ON DELETE NO ACTION ON UPDATE NO ACTION,
  CONSTRAINT `fk_infra_port_pb_platine_idx` FOREIGN KEY (`platine_id`) REFERENCES `infra_platine_pb` (`id`) ON DELETE NO ACTION ON UPDATE NO ACTION
) ENGINE=InnoDB DEFAULT CHARSET=utf8mb4 COLLATE=utf8mb4_unicode_ci;

-- Export de données de la table gip.infra_port_pb : ~0 rows (environ)
/*!40000 ALTER TABLE `infra_port_pb` DISABLE KEYS */;
/*!40000 ALTER TABLE `infra_port_pb` ENABLE KEYS */;

-- Export de la structure de la table gip. infra_reglette_ddf
DROP TABLE IF EXISTS `infra_reglette_ddf`;
CREATE TABLE IF NOT EXISTS `infra_reglette_ddf` (
  `id` int(10) unsigned NOT NULL AUTO_INCREMENT,
  `colonne_id` int(10) unsigned NOT NULL,
  `nbr_ports` int(11) NOT NULL,
  PRIMARY KEY (`id`),
  KEY `colonne_id` (`colonne_id`),
  CONSTRAINT `colonne_id` FOREIGN KEY (`colonne_id`) REFERENCES `infra_colonne_ddf` (`id`) ON DELETE CASCADE ON UPDATE CASCADE
) ENGINE=InnoDB DEFAULT CHARSET=utf8mb4 COLLATE=utf8mb4_unicode_ci;

-- Export de données de la table gip.infra_reglette_ddf : ~0 rows (environ)
/*!40000 ALTER TABLE `infra_reglette_ddf` DISABLE KEYS */;
/*!40000 ALTER TABLE `infra_reglette_ddf` ENABLE KEYS */;

-- Export de la structure de la table gip. infra_salles_site
DROP TABLE IF EXISTS `infra_salles_site`;
CREATE TABLE IF NOT EXISTS `infra_salles_site` (
  `id` int(10) unsigned NOT NULL AUTO_INCREMENT,
  `site_infra_id` int(10) unsigned NOT NULL,
  `etage_num` int(11) NOT NULL,
  `salle_designation` varchar(150) COLLATE utf8mb4_unicode_ci NOT NULL,
  `salle_num` int(11) NOT NULL,
  `deleted_at` timestamp NULL DEFAULT NULL,
  `created_at` timestamp NULL DEFAULT NULL,
  `updated_at` timestamp NULL DEFAULT NULL,
  PRIMARY KEY (`id`),
  KEY `etage_num` (`etage_num`),
  KEY `site_infra_id` (`site_infra_id`),
  CONSTRAINT `site_infra_id` FOREIGN KEY (`site_infra_id`) REFERENCES `sites_infra` (`id`) ON DELETE CASCADE ON UPDATE CASCADE
) ENGINE=InnoDB AUTO_INCREMENT=5 DEFAULT CHARSET=utf8mb4 COLLATE=utf8mb4_unicode_ci;

-- Export de données de la table gip.infra_salles_site : ~3 rows (environ)
/*!40000 ALTER TABLE `infra_salles_site` DISABLE KEYS */;
INSERT INTO `infra_salles_site` (`id`, `site_infra_id`, `etage_num`, `salle_designation`, `salle_num`, `deleted_at`, `created_at`, `updated_at`) VALUES
	(2, 2522, 1, 'salle 1', 101, NULL, '2019-12-02 10:59:25', '2019-12-02 10:59:25'),
	(3, 2523, 1, 'Salle 1', 10, NULL, '2019-12-18 04:20:31', '2019-12-18 04:20:31'),
	(4, 2523, 2, 'Salle 2', 20, NULL, '2019-12-18 04:20:46', '2019-12-18 04:20:46');
/*!40000 ALTER TABLE `infra_salles_site` ENABLE KEYS */;

-- Export de la structure de la table gip. infra_sous_traitant_wo
DROP TABLE IF EXISTS `infra_sous_traitant_wo`;
CREATE TABLE IF NOT EXISTS `infra_sous_traitant_wo` (
  `id` int(10) unsigned NOT NULL AUTO_INCREMENT,
  `name` varchar(191) COLLATE utf8mb4_unicode_ci NOT NULL,
  `interne` int(11) DEFAULT NULL,
  PRIMARY KEY (`id`)
) ENGINE=InnoDB AUTO_INCREMENT=5 DEFAULT CHARSET=utf8mb4 COLLATE=utf8mb4_unicode_ci;

-- Export de données de la table gip.infra_sous_traitant_wo : ~4 rows (environ)
/*!40000 ALTER TABLE `infra_sous_traitant_wo` DISABLE KEYS */;
INSERT INTO `infra_sous_traitant_wo` (`id`, `name`, `interne`) VALUES
	(1, 'AFRICOM', NULL),
	(2, 'HAYATCOM', NULL),
	(3, 'ENERCOM', NULL),
	(4, 'TAC-TIC', NULL);
/*!40000 ALTER TABLE `infra_sous_traitant_wo` ENABLE KEYS */;

-- Export de la structure de la table gip. infra_suivie_wo
DROP TABLE IF EXISTS `infra_suivie_wo`;
CREATE TABLE IF NOT EXISTS `infra_suivie_wo` (
  `id` int(10) unsigned NOT NULL AUTO_INCREMENT,
  `name` varchar(191) COLLATE utf8mb4_unicode_ci NOT NULL,
  PRIMARY KEY (`id`)
) ENGINE=InnoDB DEFAULT CHARSET=utf8mb4 COLLATE=utf8mb4_unicode_ci;

-- Export de données de la table gip.infra_suivie_wo : ~0 rows (environ)
/*!40000 ALTER TABLE `infra_suivie_wo` DISABLE KEYS */;
/*!40000 ALTER TABLE `infra_suivie_wo` ENABLE KEYS */;

-- Export de la structure de la table gip. infra_topologie_site1
DROP TABLE IF EXISTS `infra_topologie_site1`;
CREATE TABLE IF NOT EXISTS `infra_topologie_site1` (
  `id` int(10) unsigned NOT NULL AUTO_INCREMENT,
  `name` varchar(15) COLLATE utf8mb4_unicode_ci NOT NULL,
  `deleted_at` timestamp NULL DEFAULT NULL,
  `created_at` timestamp NULL DEFAULT NULL,
  `updated_at` timestamp NULL DEFAULT NULL,
  PRIMARY KEY (`id`)
) ENGINE=InnoDB AUTO_INCREMENT=3 DEFAULT CHARSET=utf8mb4 COLLATE=utf8mb4_unicode_ci;

-- Export de données de la table gip.infra_topologie_site1 : ~2 rows (environ)
/*!40000 ALTER TABLE `infra_topologie_site1` DISABLE KEYS */;
INSERT INTO `infra_topologie_site1` (`id`, `name`, `deleted_at`, `created_at`, `updated_at`) VALUES
	(1, '1', NULL, '2020-02-10 13:03:37', NULL),
	(2, 'greenfield', NULL, '2020-02-10 13:03:38', NULL);
/*!40000 ALTER TABLE `infra_topologie_site1` ENABLE KEYS */;

-- Export de la structure de la table gip. infra_topologie_site2
DROP TABLE IF EXISTS `infra_topologie_site2`;
CREATE TABLE IF NOT EXISTS `infra_topologie_site2` (
  `id` int(10) unsigned NOT NULL AUTO_INCREMENT,
  `name` varchar(15) COLLATE utf8mb4_unicode_ci NOT NULL,
  `deleted_at` timestamp NULL DEFAULT NULL,
  `created_at` timestamp NULL DEFAULT NULL,
  `updated_at` timestamp NULL DEFAULT NULL,
  PRIMARY KEY (`id`)
) ENGINE=InnoDB AUTO_INCREMENT=3 DEFAULT CHARSET=utf8mb4 COLLATE=utf8mb4_unicode_ci;

-- Export de données de la table gip.infra_topologie_site2 : ~2 rows (environ)
/*!40000 ALTER TABLE `infra_topologie_site2` DISABLE KEYS */;
INSERT INTO `infra_topologie_site2` (`id`, `name`, `deleted_at`, `created_at`, `updated_at`) VALUES
	(1, 'Indoor', NULL, '2020-02-10 13:04:20', NULL),
	(2, 'Outdoor', NULL, '2020-02-10 13:04:22', NULL);
/*!40000 ALTER TABLE `infra_topologie_site2` ENABLE KEYS */;

-- Export de la structure de la table gip. infra_type_accordement
DROP TABLE IF EXISTS `infra_type_accordement`;
CREATE TABLE IF NOT EXISTS `infra_type_accordement` (
  `id` int(10) unsigned NOT NULL AUTO_INCREMENT,
  `name` varchar(150) COLLATE utf8mb4_unicode_ci NOT NULL,
  PRIMARY KEY (`id`)
) ENGINE=InnoDB DEFAULT CHARSET=utf8mb4 COLLATE=utf8mb4_unicode_ci;

-- Export de données de la table gip.infra_type_accordement : ~0 rows (environ)
/*!40000 ALTER TABLE `infra_type_accordement` DISABLE KEYS */;
/*!40000 ALTER TABLE `infra_type_accordement` ENABLE KEYS */;

-- Export de la structure de la table gip. infra_type_cable
DROP TABLE IF EXISTS `infra_type_cable`;
CREATE TABLE IF NOT EXISTS `infra_type_cable` (
  `id` int(10) unsigned NOT NULL AUTO_INCREMENT,
  `name` varchar(150) COLLATE utf8mb4_unicode_ci NOT NULL,
  PRIMARY KEY (`id`)
) ENGINE=InnoDB DEFAULT CHARSET=utf8mb4 COLLATE=utf8mb4_unicode_ci;

-- Export de données de la table gip.infra_type_cable : ~0 rows (environ)
/*!40000 ALTER TABLE `infra_type_cable` DISABLE KEYS */;
/*!40000 ALTER TABLE `infra_type_cable` ENABLE KEYS */;

-- Export de la structure de la table gip. infra_type_connecteur_ddf
DROP TABLE IF EXISTS `infra_type_connecteur_ddf`;
CREATE TABLE IF NOT EXISTS `infra_type_connecteur_ddf` (
  `id` int(10) unsigned NOT NULL AUTO_INCREMENT,
  `name` varchar(150) COLLATE utf8mb4_unicode_ci NOT NULL,
  `deleted_at` timestamp NULL DEFAULT NULL,
  `created_at` timestamp NULL DEFAULT NULL,
  `updated_at` timestamp NULL DEFAULT NULL,
  PRIMARY KEY (`id`)
) ENGINE=InnoDB DEFAULT CHARSET=utf8mb4 COLLATE=utf8mb4_unicode_ci;

-- Export de données de la table gip.infra_type_connecteur_ddf : ~0 rows (environ)
/*!40000 ALTER TABLE `infra_type_connecteur_ddf` DISABLE KEYS */;
/*!40000 ALTER TABLE `infra_type_connecteur_ddf` ENABLE KEYS */;

-- Export de la structure de la table gip. infra_type_connecteur_odf
DROP TABLE IF EXISTS `infra_type_connecteur_odf`;
CREATE TABLE IF NOT EXISTS `infra_type_connecteur_odf` (
  `id` int(10) unsigned NOT NULL AUTO_INCREMENT,
  `name` varchar(100) COLLATE utf8mb4_unicode_ci NOT NULL,
  `deleted_at` timestamp NULL DEFAULT NULL,
  `created_at` timestamp NULL DEFAULT NULL,
  `updated_at` timestamp NULL DEFAULT NULL,
  PRIMARY KEY (`id`)
) ENGINE=InnoDB AUTO_INCREMENT=4 DEFAULT CHARSET=utf8mb4 COLLATE=utf8mb4_unicode_ci;

-- Export de données de la table gip.infra_type_connecteur_odf : ~3 rows (environ)
/*!40000 ALTER TABLE `infra_type_connecteur_odf` DISABLE KEYS */;
INSERT INTO `infra_type_connecteur_odf` (`id`, `name`, `deleted_at`, `created_at`, `updated_at`) VALUES
	(1, 'FC', NULL, '2019-11-12 12:54:04', '2019-11-13 09:42:33'),
	(2, 'LC', NULL, '2019-11-12 12:54:04', '2019-11-13 09:42:33'),
	(3, 'SC', NULL, '2019-11-12 12:54:04', '2019-11-13 09:42:33');
/*!40000 ALTER TABLE `infra_type_connecteur_odf` ENABLE KEYS */;

-- Export de la structure de la table gip. infra_type_odf
DROP TABLE IF EXISTS `infra_type_odf`;
CREATE TABLE IF NOT EXISTS `infra_type_odf` (
  `id` int(10) unsigned NOT NULL AUTO_INCREMENT,
  `name` varchar(20) COLLATE utf8mb4_unicode_ci NOT NULL,
  `min_plateau` int(11) NOT NULL,
  `max_plateau` int(11) NOT NULL,
  `min_cassette` int(11) NOT NULL,
  `max_cassette` int(11) NOT NULL,
  `min_port` int(11) NOT NULL,
  `max_port` int(11) NOT NULL,
  `deleted_at` timestamp NULL DEFAULT NULL,
  `created_at` timestamp NULL DEFAULT NULL,
  `updated_at` timestamp NULL DEFAULT NULL,
  PRIMARY KEY (`id`)
) ENGINE=InnoDB AUTO_INCREMENT=6 DEFAULT CHARSET=utf8mb4 COLLATE=utf8mb4_unicode_ci;

-- Export de données de la table gip.infra_type_odf : ~5 rows (environ)
/*!40000 ALTER TABLE `infra_type_odf` DISABLE KEYS */;
INSERT INTO `infra_type_odf` (`id`, `name`, `min_plateau`, `max_plateau`, `min_cassette`, `max_cassette`, `min_port`, `max_port`, `deleted_at`, `created_at`, `updated_at`) VALUES
	(1, 'PB', 0, 10, 0, 6, 6, 12, NULL, '2020-02-11 00:52:42', '2020-02-11 00:52:48'),
	(2, 'TRANS', 0, 10, 0, 6, 6, 12, NULL, '2020-02-11 00:52:42', '2020-02-11 00:52:49'),
	(3, 'CLIENT', 0, 10, 0, 8, 6, 12, NULL, '2020-02-11 00:52:44', '2020-02-11 00:52:50'),
	(4, 'IT', 0, 10, 0, 6, 6, 12, NULL, '2020-02-11 00:52:45', '2020-02-11 00:52:51'),
	(5, 'B2B', 0, 10, 0, 6, 6, 12, NULL, '2020-02-11 00:52:46', '2019-11-13 09:49:48');
/*!40000 ALTER TABLE `infra_type_odf` ENABLE KEYS */;

-- Export de la structure de la table gip. infra_type_operation_wo
DROP TABLE IF EXISTS `infra_type_operation_wo`;
CREATE TABLE IF NOT EXISTS `infra_type_operation_wo` (
  `id` int(10) unsigned NOT NULL AUTO_INCREMENT,
  `name` varchar(191) COLLATE utf8mb4_unicode_ci NOT NULL,
  `nature` varchar(50) COLLATE utf8mb4_unicode_ci DEFAULT NULL,
  PRIMARY KEY (`id`)
) ENGINE=InnoDB DEFAULT CHARSET=utf8mb4 COLLATE=utf8mb4_unicode_ci;

-- Export de données de la table gip.infra_type_operation_wo : ~0 rows (environ)
/*!40000 ALTER TABLE `infra_type_operation_wo` DISABLE KEYS */;
/*!40000 ALTER TABLE `infra_type_operation_wo` ENABLE KEYS */;

-- Export de la structure de la table gip. infra_type_renvoie_optique
DROP TABLE IF EXISTS `infra_type_renvoie_optique`;
CREATE TABLE IF NOT EXISTS `infra_type_renvoie_optique` (
  `id` int(10) unsigned NOT NULL AUTO_INCREMENT,
  `name` varchar(200) COLLATE utf8mb4_unicode_ci NOT NULL,
  PRIMARY KEY (`id`)
) ENGINE=InnoDB DEFAULT CHARSET=utf8mb4 COLLATE=utf8mb4_unicode_ci;

-- Export de données de la table gip.infra_type_renvoie_optique : ~0 rows (environ)
/*!40000 ALTER TABLE `infra_type_renvoie_optique` DISABLE KEYS */;
/*!40000 ALTER TABLE `infra_type_renvoie_optique` ENABLE KEYS */;

-- Export de la structure de la table gip. infra_type_wo
DROP TABLE IF EXISTS `infra_type_wo`;
CREATE TABLE IF NOT EXISTS `infra_type_wo` (
  `id` int(10) unsigned NOT NULL AUTO_INCREMENT,
  `name` varchar(191) COLLATE utf8mb4_unicode_ci NOT NULL,
  PRIMARY KEY (`id`)
) ENGINE=InnoDB DEFAULT CHARSET=utf8mb4 COLLATE=utf8mb4_unicode_ci;

-- Export de données de la table gip.infra_type_wo : ~0 rows (environ)
/*!40000 ALTER TABLE `infra_type_wo` DISABLE KEYS */;
/*!40000 ALTER TABLE `infra_type_wo` ENABLE KEYS */;

-- Export de la structure de la table gip. infra_wo
DROP TABLE IF EXISTS `infra_wo`;
CREATE TABLE IF NOT EXISTS `infra_wo` (
  `id` int(10) unsigned NOT NULL AUTO_INCREMENT,
  `type_operation` int(10) unsigned DEFAULT NULL,
  `date_initiation` timestamp NOT NULL DEFAULT CURRENT_TIMESTAMP,
  `date_intervention` timestamp NOT NULL DEFAULT CURRENT_TIMESTAMP,
  `type_wo` int(10) unsigned DEFAULT NULL,
  `demandeur_wo` int(10) unsigned DEFAULT NULL,
  `affaire_suivie_par` int(10) unsigned DEFAULT NULL,
  `sous_traitant` int(10) unsigned DEFAULT NULL,
  `type_renvoie_optique` int(10) unsigned DEFAULT NULL,
  `site_cote_a` int(10) unsigned DEFAULT NULL,
  `site_cote_b` int(10) unsigned DEFAULT NULL,
  `num_port_a` int(10) unsigned DEFAULT NULL,
  `salle_a` varchar(200) COLLATE utf8mb4_unicode_ci DEFAULT NULL,
  `salle_b` varchar(200) COLLATE utf8mb4_unicode_ci DEFAULT NULL,
  `odf_a` varchar(200) COLLATE utf8mb4_unicode_ci DEFAULT NULL,
  `odf_b` varchar(200) COLLATE utf8mb4_unicode_ci DEFAULT NULL,
  `num_cassette_reglette_platine_a` varchar(200) COLLATE utf8mb4_unicode_ci DEFAULT NULL,
  `num_plateau_colonne_a` varchar(200) COLLATE utf8mb4_unicode_ci DEFAULT NULL,
  `num_port_b` int(11) DEFAULT NULL,
  `num_cassette_reglette_platine_b` varchar(200) COLLATE utf8mb4_unicode_ci DEFAULT NULL,
  `num_plateau_colonne_b` varchar(200) COLLATE utf8mb4_unicode_ci DEFAULT NULL,
  `type_raccordement` int(10) unsigned DEFAULT NULL,
  `type_cable` int(10) unsigned DEFAULT NULL,
  `connecteur_cote_a` int(10) unsigned DEFAULT NULL,
  `connecteur_cote_b` int(10) unsigned DEFAULT NULL,
  `etat_execution` int(10) unsigned DEFAULT NULL,
  `date_execution` timestamp NULL DEFAULT NULL,
  `comment` varchar(191) COLLATE utf8mb4_unicode_ci DEFAULT NULL,
  `nature` varchar(200) COLLATE utf8mb4_unicode_ci DEFAULT NULL,
  `select_rack` varchar(200) COLLATE utf8mb4_unicode_ci DEFAULT NULL,
  `select_port_a` varchar(200) COLLATE utf8mb4_unicode_ci DEFAULT NULL,
  `select_rack_b` varchar(200) COLLATE utf8mb4_unicode_ci DEFAULT NULL,
  `select_port_b` varchar(200) COLLATE utf8mb4_unicode_ci DEFAULT NULL,
  `nbr_ext` int(11) DEFAULT NULL,
  `deleted_at` timestamp NULL DEFAULT NULL,
  `created_at` timestamp NULL DEFAULT NULL,
  `updated_at` timestamp NULL DEFAULT NULL,
  PRIMARY KEY (`id`),
  KEY `etat_execution` (`etat_execution`),
  KEY `demandeur_WO` (`demandeur_wo`),
  KEY `type_raccordement` (`type_raccordement`,`type_cable`),
  KEY `type_renvoie_optique` (`type_renvoie_optique`,`site_cote_a`,`site_cote_b`),
  KEY `type_cable` (`type_cable`),
  KEY `sous_traitant` (`sous_traitant`),
  KEY `site_cote_A` (`site_cote_a`),
  KEY `connecteur_cote_B` (`connecteur_cote_b`),
  KEY `connecteur_cote_A` (`connecteur_cote_a`,`connecteur_cote_b`),
  KEY `type_operation` (`type_operation`),
  KEY `type_WO` (`type_wo`),
  CONSTRAINT `connecteur_cote_A` FOREIGN KEY (`connecteur_cote_a`) REFERENCES `infra_type_connecteur_ddf` (`id`) ON DELETE SET NULL ON UPDATE CASCADE,
  CONSTRAINT `connecteur_cote_B` FOREIGN KEY (`connecteur_cote_b`) REFERENCES `infra_type_connecteur_ddf` (`id`) ON DELETE SET NULL ON UPDATE CASCADE,
  CONSTRAINT `demandeur_WO` FOREIGN KEY (`demandeur_wo`) REFERENCES `infra_demandeur_wo` (`id`) ON DELETE SET NULL ON UPDATE CASCADE,
  CONSTRAINT `etat_execution` FOREIGN KEY (`etat_execution`) REFERENCES `infra_etat_wo` (`id`) ON DELETE SET NULL ON UPDATE CASCADE,
  CONSTRAINT `sous_traitant` FOREIGN KEY (`sous_traitant`) REFERENCES `infra_sous_traitant_wo` (`id`) ON DELETE SET NULL ON UPDATE CASCADE,
  CONSTRAINT `type_WO` FOREIGN KEY (`type_wo`) REFERENCES `infra_type_wo` (`id`) ON DELETE SET NULL ON UPDATE CASCADE,
  CONSTRAINT `type_cable` FOREIGN KEY (`type_cable`) REFERENCES `infra_type_cable` (`id`) ON DELETE SET NULL ON UPDATE CASCADE,
  CONSTRAINT `type_operation` FOREIGN KEY (`type_operation`) REFERENCES `infra_type_operation_wo` (`id`) ON DELETE SET NULL ON UPDATE CASCADE,
  CONSTRAINT `type_raccordement` FOREIGN KEY (`type_raccordement`) REFERENCES `infra_type_accordement` (`id`) ON DELETE SET NULL ON UPDATE CASCADE,
  CONSTRAINT `type_renvoie_optique` FOREIGN KEY (`type_renvoie_optique`) REFERENCES `infra_type_renvoie_optique` (`id`) ON DELETE SET NULL ON UPDATE CASCADE
) ENGINE=InnoDB DEFAULT CHARSET=utf8mb4 COLLATE=utf8mb4_unicode_ci;

-- Export de données de la table gip.infra_wo : ~0 rows (environ)
/*!40000 ALTER TABLE `infra_wo` DISABLE KEYS */;
/*!40000 ALTER TABLE `infra_wo` ENABLE KEYS */;

-- Export de la structure de la table gip. migrations
DROP TABLE IF EXISTS `migrations`;
CREATE TABLE IF NOT EXISTS `migrations` (
  `id` int(10) unsigned NOT NULL AUTO_INCREMENT,
  `migration` varchar(191) COLLATE utf8mb4_unicode_ci NOT NULL,
  `batch` int(11) NOT NULL,
  PRIMARY KEY (`id`)
) ENGINE=InnoDB AUTO_INCREMENT=148 DEFAULT CHARSET=utf8mb4 COLLATE=utf8mb4_unicode_ci;

-- Export de données de la table gip.migrations : ~49 rows (environ)
/*!40000 ALTER TABLE `migrations` DISABLE KEYS */;
INSERT INTO `migrations` (`id`, `migration`, `batch`) VALUES
	(99, '2014_10_12_000000_create_users_table', 1),
	(100, '2014_10_12_100000_create_password_resets_table', 1),
	(101, '2016_01_15_105324_create_roles_table', 1),
	(102, '2016_01_15_114412_create_role_user_table', 1),
	(103, '2016_01_26_115212_create_permissions_table', 1),
	(104, '2016_01_26_115523_create_permission_role_table', 1),
	(105, '2016_02_09_132439_create_permission_user_table', 1),
	(106, '2020_02_07_000000_create_infra_pb_type_table', 1),
	(107, '2020_02_07_000001_create_infra_type_odf_table', 1),
	(108, '2020_02_07_000002_create_infra_ddf_type_table', 1),
	(109, '2020_02_07_000003_create_infra_topologie_site1_table', 1),
	(110, '2020_02_07_000004_create_infra_topologie_site2_table', 1),
	(111, '2020_02_07_000005_create_infra_gouvernorat_table', 1),
	(112, '2020_02_07_000006_create_infra_type_operation_wo_table', 1),
	(113, '2020_02_07_000007_create_infra_sous_traitant_wo_table', 1),
	(114, '2020_02_07_000008_create_infra_marque_odf_table', 1),
	(115, '2020_02_07_000009_create_infra_type_cable_table', 1),
	(116, '2020_02_07_000010_create_infra_type_connecteur_ddf_table', 1),
	(117, '2020_02_07_000011_create_infra_etat_wo_table', 1),
	(118, '2020_02_07_000012_create_infra_type_accordement_table', 1),
	(119, '2020_02_07_000013_create_infra_pb_platine_table', 1),
	(120, '2020_02_07_000014_create_infra_type_renvoie_optique_table', 1),
	(121, '2020_02_07_000015_create_infra_pb_connecteurs_table', 1),
	(122, '2020_02_07_000016_create_infra_environnement_equip_table', 1),
	(123, '2020_02_07_000017_create_infra_type_connecteur_odf_table', 1),
	(124, '2020_02_07_000018_create_infra_suivie_wo_table', 1),
	(125, '2020_02_07_000019_create_infra_demandeur_wo_table', 1),
	(126, '2020_02_07_000020_create_infra_etat_tx_rx_table', 1),
	(127, '2020_02_07_000021_create_infra_pb_unite_table', 1),
	(128, '2020_02_07_000022_create_infra_type_wo_table', 1),
	(129, '2020_02_07_000023_create_infra_wo_table', 1),
	(130, '2020_02_07_000024_create_sites_infra_table', 1),
	(131, '2020_02_07_000026_create_infra_salles_site_table', 1),
	(132, '2020_02_07_000027_create_infra_file_site_table', 1),
	(133, '2020_02_07_000028_create_connexion_history_table', 1),
	(134, '2020_02_07_000029_create_infra_pb_table', 1),
	(135, '2020_02_07_000030_create_infra_fibre_optique_wo_table', 1),
	(136, '2020_02_07_000031_create_infra_feedback_wo_table', 1),
	(137, '2020_02_07_000032_create_infra_ddf_table', 1),
	(138, '2020_02_07_000033_create_infra_odf_table', 1),
	(139, '2020_02_07_000034_create_infra_platine_pb_table', 1),
	(140, '2020_02_07_000035_create_infra_colonne_ddf_table', 1),
	(141, '2020_02_07_000036_create_infra_reglette_ddf_table', 1),
	(142, '2020_02_07_000037_create_infra_lovage_odf_table', 1),
	(143, '2020_02_07_000038_create_infra_plateau_odf_table', 1),
	(144, '2020_02_07_000039_create_infra_port_pb_table', 1),
	(145, '2020_02_07_000040_create_infra_cassette_plateau_table', 1),
	(146, '2020_02_07_000041_create_infra_port_ddf_table', 1),
	(147, '2020_02_07_000042_create_infra_cassette_tx_rx_table', 1);
/*!40000 ALTER TABLE `migrations` ENABLE KEYS */;

-- Export de la structure de la table gip. password_resets
DROP TABLE IF EXISTS `password_resets`;
CREATE TABLE IF NOT EXISTS `password_resets` (
  `email` varchar(191) COLLATE utf8mb4_unicode_ci NOT NULL,
  `token` varchar(191) COLLATE utf8mb4_unicode_ci NOT NULL,
  `created_at` timestamp NULL DEFAULT NULL,
  KEY `password_resets_email_index` (`email`)
) ENGINE=InnoDB DEFAULT CHARSET=utf8mb4 COLLATE=utf8mb4_unicode_ci;

-- Export de données de la table gip.password_resets : ~0 rows (environ)
/*!40000 ALTER TABLE `password_resets` DISABLE KEYS */;
/*!40000 ALTER TABLE `password_resets` ENABLE KEYS */;

-- Export de la structure de la table gip. permissions
DROP TABLE IF EXISTS `permissions`;
CREATE TABLE IF NOT EXISTS `permissions` (
  `id` int(10) unsigned NOT NULL AUTO_INCREMENT,
  `name` varchar(191) COLLATE utf8mb4_unicode_ci NOT NULL,
  `slug` varchar(191) COLLATE utf8mb4_unicode_ci NOT NULL,
  `description` varchar(191) COLLATE utf8mb4_unicode_ci DEFAULT NULL,
  `model` varchar(191) COLLATE utf8mb4_unicode_ci DEFAULT NULL,
  `created_at` timestamp NULL DEFAULT NULL,
  `updated_at` timestamp NULL DEFAULT NULL,
  `deleted_at` timestamp NULL DEFAULT NULL,
  PRIMARY KEY (`id`),
  UNIQUE KEY `permissions_slug_unique` (`slug`)
) ENGINE=InnoDB AUTO_INCREMENT=5 DEFAULT CHARSET=utf8mb4 COLLATE=utf8mb4_unicode_ci;

-- Export de données de la table gip.permissions : ~4 rows (environ)
/*!40000 ALTER TABLE `permissions` DISABLE KEYS */;
INSERT INTO `permissions` (`id`, `name`, `slug`, `description`, `model`, `created_at`, `updated_at`, `deleted_at`) VALUES
	(1, 'Can View Users', 'view.users', 'Can view users', 'Permission', '2020-02-07 02:54:06', '2020-02-07 02:54:06', NULL),
	(2, 'Can Create Users', 'create.users', 'Can create new users', 'Permission', '2020-02-07 02:54:06', '2020-02-07 02:54:06', NULL),
	(3, 'Can Edit Users', 'edit.users', 'Can edit users', 'Permission', '2020-02-07 02:54:06', '2020-02-07 02:54:06', NULL),
	(4, 'Can Delete Users', 'delete.users', 'Can delete users', 'Permission', '2020-02-07 02:54:06', '2020-02-07 02:54:06', NULL);
/*!40000 ALTER TABLE `permissions` ENABLE KEYS */;

-- Export de la structure de la table gip. permission_role
DROP TABLE IF EXISTS `permission_role`;
CREATE TABLE IF NOT EXISTS `permission_role` (
  `id` int(10) unsigned NOT NULL AUTO_INCREMENT,
  `permission_id` int(10) unsigned NOT NULL,
  `role_id` int(10) unsigned NOT NULL,
  `created_at` timestamp NULL DEFAULT NULL,
  `updated_at` timestamp NULL DEFAULT NULL,
  `deleted_at` timestamp NULL DEFAULT NULL,
  PRIMARY KEY (`id`),
  KEY `permission_role_permission_id_index` (`permission_id`),
  KEY `permission_role_role_id_index` (`role_id`),
  CONSTRAINT `permission_role_permission_id_foreign` FOREIGN KEY (`permission_id`) REFERENCES `permissions` (`id`) ON DELETE CASCADE,
  CONSTRAINT `permission_role_role_id_foreign` FOREIGN KEY (`role_id`) REFERENCES `roles` (`id`) ON DELETE CASCADE
) ENGINE=InnoDB AUTO_INCREMENT=5 DEFAULT CHARSET=utf8mb4 COLLATE=utf8mb4_unicode_ci;

-- Export de données de la table gip.permission_role : ~4 rows (environ)
/*!40000 ALTER TABLE `permission_role` DISABLE KEYS */;
INSERT INTO `permission_role` (`id`, `permission_id`, `role_id`, `created_at`, `updated_at`, `deleted_at`) VALUES
	(1, 1, 1, '2020-02-07 02:54:06', '2020-02-07 02:54:06', NULL),
	(2, 2, 1, '2020-02-07 02:54:06', '2020-02-07 02:54:06', NULL),
	(3, 3, 1, '2020-02-07 02:54:06', '2020-02-07 02:54:06', NULL),
	(4, 4, 1, '2020-02-07 02:54:06', '2020-02-07 02:54:06', NULL);
/*!40000 ALTER TABLE `permission_role` ENABLE KEYS */;

-- Export de la structure de la table gip. permission_user
DROP TABLE IF EXISTS `permission_user`;
CREATE TABLE IF NOT EXISTS `permission_user` (
  `id` int(10) unsigned NOT NULL AUTO_INCREMENT,
  `permission_id` int(10) unsigned NOT NULL,
  `user_id` int(10) unsigned NOT NULL,
  `created_at` timestamp NULL DEFAULT NULL,
  `updated_at` timestamp NULL DEFAULT NULL,
  `deleted_at` timestamp NULL DEFAULT NULL,
  PRIMARY KEY (`id`),
  KEY `permission_user_permission_id_index` (`permission_id`),
  KEY `permission_user_user_id_index` (`user_id`),
  CONSTRAINT `permission_user_permission_id_foreign` FOREIGN KEY (`permission_id`) REFERENCES `permissions` (`id`) ON DELETE CASCADE,
  CONSTRAINT `permission_user_user_id_foreign` FOREIGN KEY (`user_id`) REFERENCES `users` (`id`) ON DELETE CASCADE
) ENGINE=InnoDB DEFAULT CHARSET=utf8mb4 COLLATE=utf8mb4_unicode_ci;

-- Export de données de la table gip.permission_user : ~0 rows (environ)
/*!40000 ALTER TABLE `permission_user` DISABLE KEYS */;
/*!40000 ALTER TABLE `permission_user` ENABLE KEYS */;

-- Export de la structure de la table gip. roles
DROP TABLE IF EXISTS `roles`;
CREATE TABLE IF NOT EXISTS `roles` (
  `id` int(10) unsigned NOT NULL AUTO_INCREMENT,
  `name` varchar(191) COLLATE utf8mb4_unicode_ci NOT NULL,
  `slug` varchar(191) COLLATE utf8mb4_unicode_ci NOT NULL,
  `description` varchar(191) COLLATE utf8mb4_unicode_ci DEFAULT NULL,
  `level` int(11) NOT NULL DEFAULT '1',
  `created_at` timestamp NULL DEFAULT NULL,
  `updated_at` timestamp NULL DEFAULT NULL,
  `deleted_at` timestamp NULL DEFAULT NULL,
  PRIMARY KEY (`id`),
  UNIQUE KEY `roles_slug_unique` (`slug`)
) ENGINE=InnoDB AUTO_INCREMENT=4 DEFAULT CHARSET=utf8mb4 COLLATE=utf8mb4_unicode_ci;

-- Export de données de la table gip.roles : ~3 rows (environ)
/*!40000 ALTER TABLE `roles` DISABLE KEYS */;
INSERT INTO `roles` (`id`, `name`, `slug`, `description`, `level`, `created_at`, `updated_at`, `deleted_at`) VALUES
	(1, 'Admin', 'admin', 'Admin Role', 5, '2020-02-07 02:54:06', '2020-02-07 02:54:06', NULL),
	(2, 'Sous Traitant', 'strait', 'Sous traitant Role', 1, '2020-02-07 02:54:06', '2020-02-07 02:54:06', NULL),
	(3, 'Visiteur', 'visiteur', 'visiteur Role', 0, '2020-02-07 02:54:06', '2020-02-07 02:54:06', NULL);
/*!40000 ALTER TABLE `roles` ENABLE KEYS */;

-- Export de la structure de la table gip. role_user
DROP TABLE IF EXISTS `role_user`;
CREATE TABLE IF NOT EXISTS `role_user` (
  `id` int(10) unsigned NOT NULL AUTO_INCREMENT,
  `role_id` int(10) unsigned NOT NULL,
  `user_id` int(10) unsigned NOT NULL,
  `created_at` timestamp NULL DEFAULT NULL,
  `updated_at` timestamp NULL DEFAULT NULL,
  `deleted_at` timestamp NULL DEFAULT NULL,
  PRIMARY KEY (`id`),
  KEY `role_user_role_id_index` (`role_id`),
  KEY `role_user_user_id_index` (`user_id`),
  CONSTRAINT `role_user_role_id_foreign` FOREIGN KEY (`role_id`) REFERENCES `roles` (`id`) ON DELETE CASCADE,
  CONSTRAINT `role_user_user_id_foreign` FOREIGN KEY (`user_id`) REFERENCES `users` (`id`) ON DELETE CASCADE
) ENGINE=InnoDB AUTO_INCREMENT=2 DEFAULT CHARSET=utf8mb4 COLLATE=utf8mb4_unicode_ci;

-- Export de données de la table gip.role_user : ~0 rows (environ)
/*!40000 ALTER TABLE `role_user` DISABLE KEYS */;
INSERT INTO `role_user` (`id`, `role_id`, `user_id`, `created_at`, `updated_at`, `deleted_at`) VALUES
	(1, 1, 1, NULL, NULL, NULL);
/*!40000 ALTER TABLE `role_user` ENABLE KEYS */;

-- Export de la structure de la table gip. sites_infra
DROP TABLE IF EXISTS `sites_infra`;
CREATE TABLE IF NOT EXISTS `sites_infra` (
  `id` int(10) unsigned NOT NULL AUTO_INCREMENT,
  `code_site` varchar(191) COLLATE utf8mb4_unicode_ci DEFAULT NULL,
  `gouvernorat_id` int(10) unsigned DEFAULT NULL,
  `adresse` varchar(120) COLLATE utf8mb4_unicode_ci NOT NULL,
  `lat_dms_deg` int(11) NOT NULL,
  `lat_dms_mn` int(11) NOT NULL,
  `lat_dms_sec` varchar(10) COLLATE utf8mb4_unicode_ci NOT NULL,
  `lng_dms_deg` int(11) NOT NULL,
  `lng_dms_mn` int(11) NOT NULL,
  `lng_dms_sec` varchar(10) COLLATE utf8mb4_unicode_ci NOT NULL,
  `topologie_site_id` int(10) unsigned DEFAULT NULL,
  `topologie_site_id2` int(10) unsigned DEFAULT NULL,
  `environnement_equip_id` int(10) unsigned DEFAULT NULL,
  `nbr_shelter` varchar(50) COLLATE utf8mb4_unicode_ci NOT NULL DEFAULT '0',
  `pers_contacter` varchar(150) COLLATE utf8mb4_unicode_ci NOT NULL,
  `moy_acces` varchar(150) COLLATE utf8mb4_unicode_ci NOT NULL,
  `contrainte_acces` varchar(50) COLLATE utf8mb4_unicode_ci NOT NULL,
  `verr_file` varchar(50) COLLATE utf8mb4_unicode_ci DEFAULT NULL,
  `autre` varchar(50) COLLATE utf8mb4_unicode_ci DEFAULT NULL,
  `created_at` timestamp NULL DEFAULT NULL,
  `updated_at` timestamp NULL DEFAULT NULL,
  PRIMARY KEY (`id`),
  UNIQUE KEY `code_site` (`code_site`),
  KEY `environnement_equip_id` (`environnement_equip_id`),
  KEY `gouvernorat` (`gouvernorat_id`),
  KEY `topologie_site_id` (`topologie_site_id`),
  KEY `topologie_site_id2` (`topologie_site_id2`),
  CONSTRAINT `environnement_equip_id` FOREIGN KEY (`environnement_equip_id`) REFERENCES `infra_environnement_equip` (`id`) ON DELETE SET NULL ON UPDATE CASCADE,
  CONSTRAINT `gouvernorat` FOREIGN KEY (`gouvernorat_id`) REFERENCES `infra_gouvernorat` (`id`) ON DELETE SET NULL ON UPDATE CASCADE,
  CONSTRAINT `topologie_site_id` FOREIGN KEY (`topologie_site_id`) REFERENCES `infra_topologie_site1` (`id`) ON DELETE SET NULL ON UPDATE CASCADE,
  CONSTRAINT `topologie_site_id2` FOREIGN KEY (`topologie_site_id2`) REFERENCES `infra_topologie_site2` (`id`) ON DELETE SET NULL ON UPDATE CASCADE
) ENGINE=InnoDB AUTO_INCREMENT=2524 DEFAULT CHARSET=utf8mb4 COLLATE=utf8mb4_unicode_ci;

-- Export de données de la table gip.sites_infra : ~500 rows (environ)
/*!40000 ALTER TABLE `sites_infra` DISABLE KEYS */;
INSERT INTO `sites_infra` (`id`, `code_site`, `gouvernorat_id`, `adresse`, `lat_dms_deg`, `lat_dms_mn`, `lat_dms_sec`, `lng_dms_deg`, `lng_dms_mn`, `lng_dms_sec`, `topologie_site_id`, `topologie_site_id2`, `environnement_equip_id`, `nbr_shelter`, `pers_contacter`, `moy_acces`, `contrainte_acces`, `verr_file`, `autre`, `created_at`, `updated_at`) VALUES
	(2023, 'PPU]]-4296', 4, '96999 Howe Green\nStiedemannberg, AK 36607', 6639, 4639, '6162', 7686, 1454, '8824', 2, 1, 2, '4', 'Dr. Anabel Medhurst', 'Voiture', 'oui', NULL, NULL, '2019-11-19 15:53:42', '2019-11-19 15:53:42'),
	(2024, 'WPO]-4466', 4, '697 Roberta Fields\nNorth Camryn, MT 48708-1546', 1081, 2346, '6242', 6906, 5815, '5457', 2, 1, 2, '2', 'Dr. Mayra Grimes IV', 'Voiture', 'oui', NULL, NULL, '2019-11-19 15:53:42', '2019-11-19 15:53:42'),
	(2025, 'WBD]]-3479', 4, '20532 Rosario Field\nEast Edmondmouth, MA 07272', 7474, 4587, '4593', 7382, 8350, '1562', 2, 1, 2, '0', 'Prof. Carmelo Cormier', 'Voiture', 'oui', NULL, NULL, '2019-11-19 15:53:42', '2019-11-19 15:53:42'),
	(2026, 'WUZ]]-5577', 4, '82728 Melba Fields\nAbshirefurt, MN 51795-7903', 4582, 3427, '7260', 6003, 4251, '7609', 2, 1, 2, '2', 'Eric Kling', 'Voiture', 'oui', NULL, NULL, '2019-11-19 15:53:42', '2019-11-19 15:53:42'),
	(2027, 'PIW]-1289', 4, '155 Fermin Place Apt. 809\nSouth Olenside, AK 37892-4329', 6222, 6722, '1032', 7845, 6403, '6192', 2, 1, 2, '2', 'Lenora Greenholt DDS', 'Voiture', 'oui', NULL, NULL, '2019-11-19 15:53:42', '2019-11-19 15:53:42'),
	(2028, 'HYO]]]]]-3090', 4, '8768 Jed Hollow Apt. 919\nEast Ivyport, WI 75363-9522', 6183, 5209, '7693', 2519, 5792, '1084', 2, 1, 2, '5', 'Vincent Bahringer', 'Voiture', 'oui', NULL, NULL, '2019-11-19 15:53:42', '2019-11-19 15:53:42'),
	(2029, 'UPD]]]]]]]-8238', 4, '2851 Heaney Stravenue\nBoylehaven, VA 97914-9734', 4219, 5980, '6776', 7593, 5955, '7025', 2, 1, 2, '3', 'Dr. Kirstin Dickinson', 'Voiture', 'oui', NULL, NULL, '2019-11-19 15:53:42', '2019-11-19 15:53:42'),
	(2030, 'BSR]]-7132', 4, '623 Doyle Ville Suite 530\nPort Tessieland, PA 34043', 7961, 4973, '5601', 3937, 2565, '7693', 2, 1, 2, '1', 'Dion Altenwerth', 'Voiture', 'oui', NULL, NULL, '2019-11-19 15:53:42', '2019-11-19 15:53:42'),
	(2031, 'UQL]]]]]-0973', 4, '51558 Schultz Shores Suite 576\nJackieborough, OK 79576', 7146, 5853, '3115', 5099, 1100, '8008', 2, 1, 2, '0', 'Dr. Enoch Torphy', 'Voiture', 'oui', NULL, NULL, '2019-11-19 15:53:42', '2019-11-19 15:53:42'),
	(2032, 'FPW]]-1387', 4, '11868 Cayla Roads\nWest Siennastad, RI 88903', 5273, 3315, '8290', 3118, 2731, '5967', 2, 1, 2, '0', 'Nelson Price III', 'Voiture', 'oui', NULL, NULL, '2019-11-19 15:53:42', '2019-11-19 15:53:42'),
	(2033, 'UHZ]]-0854', 4, '22343 Evans Port Suite 288\nMarianeview, MI 48328', 6581, 8653, '5719', 1604, 2242, '5351', 2, 1, 2, '5', 'Fatima Ondricka', 'Voiture', 'oui', NULL, NULL, '2019-11-19 15:53:42', '2019-11-19 15:53:42'),
	(2034, 'QKW]]]]]-1252', 4, '363 Ernser Hollow Apt. 738\nPort Emeraldtown, ID 83519-2810', 4380, 5537, '5786', 3065, 8766, '6141', 2, 1, 2, '8', 'Celia Brekke', 'Voiture', 'oui', NULL, NULL, '2019-11-19 15:53:42', '2019-11-19 15:53:42'),
	(2035, 'YMO]]-7994', 4, '9688 Lawrence Forest\nFayville, WV 80956-3744', 6003, 8349, '2568', 8318, 8885, '7949', 2, 1, 2, '4', 'Hardy Littel', 'Voiture', 'oui', NULL, NULL, '2019-11-19 15:53:42', '2019-11-19 15:53:42'),
	(2036, 'COD-9962', 4, '67994 Ari Mountains Suite 256\nMaxineberg, WV 47848', 2353, 1269, '1989', 3495, 3523, '6923', 2, 1, 2, '1', 'Mr. Nolan Haag Sr.', 'Voiture', 'oui', NULL, NULL, '2019-11-19 15:53:42', '2019-11-19 15:53:42'),
	(2037, 'ZOB-2491', 4, '444 Miller Loaf Apt. 749\nMarianeshire, NC 60684', 2044, 1654, '4159', 8391, 6598, '2228', 2, 1, 2, '6', 'Cyrus Ankunding DVM', 'Voiture', 'oui', NULL, NULL, '2019-11-19 15:53:42', '2019-11-19 15:53:42'),
	(2038, 'TOZ]]]]]-5265', 4, '3743 Elisha Trace\nEast Ericaland, HI 19971', 5582, 5990, '3216', 5654, 7916, '6184', 2, 1, 2, '6', 'Kristofer Rau', 'Voiture', 'oui', NULL, NULL, '2019-11-19 15:53:42', '2019-11-19 15:53:42'),
	(2039, 'VXT]]-4388', 4, '7440 Bode Lodge\nLake Brandynport, KS 79339', 6827, 5074, '6205', 7775, 2437, '6849', 2, 1, 2, '9', 'Edythe Lindgren', 'Voiture', 'oui', NULL, NULL, '2019-11-19 15:53:42', '2019-11-19 15:53:42'),
	(2040, 'EVL]-6271', 4, '1519 Jordan Summit Suite 579\nMayaport, SD 96249', 3809, 5592, '7198', 5333, 8988, '4453', 2, 1, 2, '0', 'Dovie Lindgren V', 'Voiture', 'oui', NULL, NULL, '2019-11-19 15:53:42', '2019-11-19 15:53:42'),
	(2041, 'NZA]-4172', 4, '9131 Upton Islands Apt. 503\nNolaview, MS 09989', 5009, 5167, '1589', 3039, 6449, '2843', 2, 1, 2, '9', 'Bessie Beatty', 'Voiture', 'oui', NULL, NULL, '2019-11-19 15:53:42', '2019-11-19 15:53:42'),
	(2042, 'DLV]]]]-8773', 4, '13158 Cruickshank Garden Apt. 499\nNorth Katarinaton, MI 78868-5683', 3078, 7749, '6384', 6780, 5429, '2454', 2, 1, 2, '9', 'Prof. Georgianna Padberg PhD', 'Voiture', 'oui', NULL, NULL, '2019-11-19 15:53:42', '2019-11-19 15:53:42'),
	(2043, 'BBM]-5330', 4, '2747 Colt Valleys\nPort Ruthemouth, HI 83485', 1857, 4291, '2221', 6444, 8013, '2386', 2, 1, 2, '4', 'Arjun Sauer DDS', 'Voiture', 'oui', NULL, NULL, '2019-11-19 15:53:42', '2019-11-19 15:53:42'),
	(2044, 'MHZ]-0831', 4, '9859 Christ Turnpike Apt. 375\nPort Kylerstad, KY 78656', 3380, 4197, '5255', 3811, 8285, '3679', 2, 1, 2, '4', 'Caleb Shanahan', 'Voiture', 'oui', NULL, NULL, '2019-11-19 15:53:42', '2019-11-19 15:53:42'),
	(2045, 'VUK-0831', 4, '67756 Stanley Mountains\nGiannifort, MN 82906', 8628, 6194, '5770', 4778, 1622, '8905', 2, 1, 2, '4', 'Kirk Kutch', 'Voiture', 'oui', NULL, NULL, '2019-11-19 15:53:42', '2019-11-19 15:53:42'),
	(2046, 'KWZ]]]]]]-8533', 4, '5990 Veda Court Apt. 221\nEast Shannyland, MS 70558-4792', 8342, 2016, '1004', 2056, 3784, '2041', 2, 1, 2, '5', 'Hershel Wintheiser', 'Voiture', 'oui', NULL, NULL, '2019-11-19 15:53:42', '2019-11-19 15:53:42'),
	(2047, 'VUG-1994', 4, '65784 Rempel Stravenue\nJenkinstown, NC 59087-0071', 2673, 6469, '6187', 6889, 2066, '5461', 2, 1, 2, '9', 'Jules Frami', 'Voiture', 'oui', NULL, NULL, '2019-11-19 15:53:42', '2019-11-19 15:53:42'),
	(2048, 'BJU]]]-2830', 4, '5060 Jakayla Mission Apt. 842\nStromanchester, MD 70010', 6420, 6492, '2315', 7964, 7180, '6625', 2, 1, 2, '7', 'Christa Luettgen', 'Voiture', 'oui', NULL, NULL, '2019-11-19 15:53:42', '2019-11-19 15:53:42'),
	(2049, 'VLB]]]-5836', 4, '8842 Savanna Lock\nCronatown, OH 55208-6097', 8732, 2663, '5840', 6395, 3582, '2358', 2, 1, 2, '7', 'Thomas Feeney', 'Voiture', 'oui', NULL, NULL, '2019-11-19 15:53:42', '2019-11-19 15:53:42'),
	(2050, 'JKG-6201', 4, '8397 Zechariah Fords\nWest Sabryna, SC 70814-2297', 5667, 8587, '5026', 4828, 8188, '3248', 2, 1, 2, '9', 'Alfonso Rutherford DVM', 'Voiture', 'oui', NULL, NULL, '2019-11-19 15:53:42', '2019-11-19 15:53:42'),
	(2051, 'JTO]]-0423', 4, '1706 Casper Streets Apt. 466\nLake Felicitaville, OH 84704', 7304, 2243, '5088', 4106, 5443, '7289', 2, 1, 2, '8', 'Angelo Streich', 'Voiture', 'oui', NULL, NULL, '2019-11-19 15:53:42', '2019-11-19 15:53:42'),
	(2052, 'KHB]]-3054', 4, '853 Joseph Village\nKossfort, OR 40204', 5756, 3764, '7589', 3796, 6900, '3231', 2, 1, 2, '7', 'Kassandra Green', 'Voiture', 'oui', NULL, NULL, '2019-11-19 15:53:42', '2019-11-19 15:53:42'),
	(2053, 'ZXC]]]]]]-8437', 4, '83831 Runte Corner Apt. 912\nSydneyview, FL 15888', 1947, 2379, '3036', 7651, 7695, '6978', 2, 1, 2, '4', 'Alexzander Green', 'Voiture', 'oui', NULL, NULL, '2019-11-19 15:53:42', '2019-11-19 15:53:42'),
	(2054, 'HHX-7243', 4, '7831 Moises Pike Apt. 410\nNew Adan, MO 52615-1056', 5796, 8202, '4609', 1650, 7369, '6908', 2, 1, 2, '4', 'Tanya Satterfield', 'Voiture', 'oui', NULL, NULL, '2019-11-19 15:53:42', '2019-11-19 15:53:42'),
	(2055, 'DKR]]]]]-8642', 4, '70090 Benjamin Pass Apt. 945\nLake Amina, PA 55881-0142', 4402, 2306, '6149', 2744, 5306, '8085', 2, 1, 2, '8', 'Vivianne Mohr', 'Voiture', 'oui', NULL, NULL, '2019-11-19 15:53:42', '2019-11-19 15:53:42'),
	(2056, 'YSG]]]-4595', 4, '140 Herman Centers Apt. 170\nShanahanburgh, RI 20709', 2849, 6678, '2537', 3397, 3196, '7691', 2, 1, 2, '3', 'Devyn DuBuque', 'Voiture', 'oui', NULL, NULL, '2019-11-19 15:53:42', '2019-11-19 15:53:42'),
	(2057, 'MHC-9122', 4, '160 Bashirian Meadow Suite 855\nWeissnatton, WA 58770-8005', 2861, 1367, '2717', 1095, 8086, '2910', 2, 1, 2, '6', 'Eldon Legros', 'Voiture', 'oui', NULL, NULL, '2019-11-19 15:53:42', '2019-11-19 15:53:42'),
	(2058, 'CLR]]-6522', 4, '49438 Carlie Land Apt. 890\nKerlukeville, MD 16626-8255', 2036, 3810, '4910', 1358, 2723, '2924', 2, 1, 2, '8', 'Mrs. Viola Swift IV', 'Voiture', 'oui', NULL, NULL, '2019-11-19 15:53:42', '2019-11-19 15:53:42'),
	(2059, 'OSC]-2874', 4, '1874 Raynor Meadows\nLake Drew, MN 84265-1906', 7307, 8336, '3545', 7221, 8465, '4558', 2, 1, 2, '3', 'Keanu Mayert PhD', 'Voiture', 'oui', NULL, NULL, '2019-11-19 15:53:42', '2019-11-19 15:53:42'),
	(2060, 'VCX]-8737', 4, '776 Mohammad Avenue Suite 262\nVeumfurt, OK 97275', 2445, 2992, '4420', 3828, 7181, '3561', 2, 1, 2, '1', 'Dr. Sigurd Bauch', 'Voiture', 'oui', NULL, NULL, '2019-11-19 15:53:42', '2019-11-19 15:53:42'),
	(2061, 'TOH-8725', 4, '7010 Rath Brooks Apt. 830\nKirlinside, VA 53499', 1974, 2599, '3587', 6055, 5982, '6217', 2, 1, 2, '8', 'Malvina Weber', 'Voiture', 'oui', NULL, NULL, '2019-11-19 15:53:42', '2019-11-19 15:53:42'),
	(2062, 'QTK]]-1097', 4, '14793 Beverly Lock Suite 398\nWest Jefferymouth, NJ 85948', 4420, 5060, '3355', 1371, 3106, '4195', 2, 1, 2, '0', 'Elbert Quitzon', 'Voiture', 'oui', NULL, NULL, '2019-11-19 15:53:42', '2019-11-19 15:53:42'),
	(2063, 'FMR]]-0650', 4, '31820 Katarina Unions Suite 370\nYundtfurt, WA 56104-8437', 1478, 8327, '1646', 1587, 2529, '6054', 2, 1, 2, '7', 'Dangelo Heathcote', 'Voiture', 'oui', NULL, NULL, '2019-11-19 15:53:42', '2019-11-19 15:53:42'),
	(2064, 'LTU-6883', 4, '549 Lubowitz Burg Suite 328\nRussfort, AK 43940', 6451, 1632, '4561', 1076, 1238, '4711', 2, 1, 2, '5', 'Carolina Wiegand', 'Voiture', 'oui', NULL, NULL, '2019-11-19 15:53:42', '2019-11-19 15:53:42'),
	(2065, 'PUO]-8885', 4, '9230 Myah Lakes Apt. 510\nEast Terrence, CO 68318-7373', 5476, 1810, '6308', 7506, 5562, '1930', 2, 1, 2, '0', 'Mrs. Paula Medhurst', 'Voiture', 'oui', NULL, NULL, '2019-11-19 15:53:42', '2019-11-19 15:53:42'),
	(2066, 'BSJ]]-0047', 4, '50532 Reinger Manor\nThompsonfort, ID 78257', 8299, 4004, '4197', 2330, 5704, '2297', 2, 1, 2, '5', 'Foster Stark', 'Voiture', 'oui', NULL, NULL, '2019-11-19 15:53:43', '2019-11-19 15:53:43'),
	(2067, 'UJA]]]]-3595', 4, '534 Alice Ranch Suite 176\nPort Keara, WI 05183-4375', 8399, 8993, '3473', 3615, 1443, '2820', 2, 1, 2, '7', 'Michelle Dietrich', 'Voiture', 'oui', NULL, NULL, '2019-11-19 15:53:43', '2019-11-19 15:53:43'),
	(2068, 'NLS]]]-1550', 4, '5260 Feest Station Apt. 660\nRuntemouth, TX 50079-2133', 4324, 2875, '8463', 6372, 4485, '7491', 2, 1, 2, '5', 'Nayeli Williamson', 'Voiture', 'oui', NULL, NULL, '2019-11-19 15:53:43', '2019-11-19 15:53:43'),
	(2069, 'VYF]]]-0798', 4, '33706 Jodie Street Apt. 364\nMilesview, NY 95628', 1159, 6353, '4212', 3139, 5537, '7869', 2, 1, 2, '2', 'Alf Jast', 'Voiture', 'oui', NULL, NULL, '2019-11-19 15:53:43', '2019-11-19 15:53:43'),
	(2070, 'EWK]]-4004', 4, '2155 Tremblay Courts\nJefferyburgh, NE 86660', 3486, 4930, '6250', 5439, 3821, '1439', 2, 1, 2, '5', 'Hillary Hirthe Sr.', 'Voiture', 'oui', NULL, NULL, '2019-11-19 15:53:43', '2019-11-19 15:53:43'),
	(2071, 'YJS]]]]]]-5370', 4, '1334 Haag Spur\nHarberland, VA 38617-3588', 6920, 2612, '7030', 1073, 7805, '3383', 2, 1, 2, '6', 'Jordan Koepp', 'Voiture', 'oui', NULL, NULL, '2019-11-19 15:53:43', '2019-11-19 15:53:43'),
	(2072, 'PWN]]]]]-6819', 4, '9925 Lind Manors\nEast Darron, NM 89311', 3775, 7446, '6976', 4348, 1693, '6904', 2, 1, 2, '0', 'Dr. Ilene Abernathy', 'Voiture', 'oui', NULL, NULL, '2019-11-19 15:53:43', '2019-11-19 15:53:43'),
	(2073, 'KIL-3781', 4, '65053 Gislason Roads Suite 115\nO\'Connellside, CT 94940', 3879, 3895, '3560', 1986, 3630, '3189', 2, 1, 2, '6', 'Francisca Willms', 'Voiture', 'oui', NULL, NULL, '2019-11-19 15:53:43', '2019-11-19 15:53:43'),
	(2074, 'VWJ]]]]-7884', 4, '492 Klein Freeway Apt. 934\nChristinechester, NE 19930', 1338, 7300, '6530', 4677, 7681, '5053', 2, 1, 2, '1', 'Arch Rosenbaum', 'Voiture', 'oui', NULL, NULL, '2019-11-19 15:53:43', '2019-11-19 15:53:43'),
	(2075, 'QTB]-0167', 4, '913 Klocko Mill\nLake Emiliabury, AL 95431', 7993, 3789, '8452', 4204, 1312, '6602', 2, 1, 2, '1', 'Stephon Kuphal', 'Voiture', 'oui', NULL, NULL, '2019-11-19 15:53:43', '2019-11-19 15:53:43'),
	(2076, 'BWG-3537', 4, '51499 Treutel Road\nWatsicaland, SD 32848-4815', 8824, 6604, '4507', 1234, 8509, '7550', 2, 1, 2, '9', 'Arne Mueller', 'Voiture', 'oui', NULL, NULL, '2019-11-19 15:53:43', '2019-11-19 15:53:43'),
	(2077, 'GAS]-6836', 4, '3285 Sawayn Prairie\nAldenland, WI 89448', 5891, 2758, '5651', 2657, 2440, '4786', 2, 1, 2, '2', 'Prof. Jedidiah Stracke', 'Voiture', 'oui', NULL, NULL, '2019-11-19 15:53:43', '2019-11-19 15:53:43'),
	(2078, 'QYS]]]]]-9979', 4, '28932 Dimitri Radial\nLorineside, OR 56388', 6840, 8357, '1454', 8455, 6299, '1132', 2, 1, 2, '3', 'Caesar Will Jr.', 'Voiture', 'oui', NULL, NULL, '2019-11-19 15:53:43', '2019-11-19 15:53:43'),
	(2079, 'WBG]-0611', 4, '5094 Kiana Manors Apt. 212\nPort Deloresbury, UT 64779', 6678, 6475, '5493', 3343, 2595, '8781', 2, 1, 2, '4', 'Prof. Patrick Renner', 'Voiture', 'oui', NULL, NULL, '2019-11-19 15:53:43', '2019-11-19 15:53:43'),
	(2080, 'NEO-4609', 4, '5858 Wunsch Lights\nSouth Aurelia, ND 17253', 6271, 8036, '8690', 7348, 2338, '4794', 2, 1, 2, '5', 'Clint Mosciski', 'Voiture', 'oui', NULL, NULL, '2019-11-19 15:53:43', '2019-11-19 15:53:43'),
	(2081, 'EGC]]]]-9219', 4, '63932 Brandy Lodge Apt. 186\nNew Lea, UT 26753-0224', 4755, 5202, '5131', 5123, 6717, '4386', 2, 1, 2, '0', 'Billie Dickens', 'Voiture', 'oui', NULL, NULL, '2019-11-19 15:53:43', '2019-11-19 15:53:43'),
	(2082, 'KYA-6334', 4, '59479 Feest Springs Suite 873\nAnselville, MA 42397', 7921, 6728, '3057', 8359, 5918, '7885', 2, 1, 2, '0', 'Khalid Marquardt', 'Voiture', 'oui', NULL, NULL, '2019-11-19 15:53:43', '2019-11-19 15:53:43'),
	(2083, 'LPY]]-5282', 4, '37016 Virginie Creek Apt. 005\nBauchside, NH 28210-4821', 4510, 6505, '7794', 6353, 7553, '4640', 2, 1, 2, '8', 'Neal Robel', 'Voiture', 'oui', NULL, NULL, '2019-11-19 15:53:43', '2019-11-19 15:53:43'),
	(2084, 'UKY]-9185', 4, '168 Antoinette Alley Apt. 038\nEast Borischester, NC 44186', 3659, 7685, '4805', 6867, 4545, '2005', 2, 1, 2, '8', 'Claude Brown', 'Voiture', 'oui', NULL, NULL, '2019-11-19 15:53:43', '2019-11-19 15:53:43'),
	(2085, 'NTX]]-6638', 4, '21065 Lewis Shore\nPort Jessikashire, MI 37273', 5795, 1436, '5340', 1860, 1035, '3591', 2, 1, 2, '8', 'Dr. Olga Zboncak DDS', 'Voiture', 'oui', NULL, NULL, '2019-11-19 15:53:43', '2019-11-19 15:53:43'),
	(2086, 'LTQ]]-4185', 4, '85028 Gislason Burgs Suite 275\nAlexisview, HI 65047', 4877, 1443, '2904', 2678, 7692, '7222', 2, 1, 2, '5', 'Betty Rempel', 'Voiture', 'oui', NULL, NULL, '2019-11-19 15:53:43', '2019-11-19 15:53:43'),
	(2087, 'GFR-2732', 4, '683 Mayer Ramp\nLake Edythe, GA 67314', 2506, 7266, '6560', 4768, 8399, '4602', 2, 1, 2, '1', 'Dr. Lavinia Howell', 'Voiture', 'oui', NULL, NULL, '2019-11-19 15:53:43', '2019-11-19 15:53:43'),
	(2088, 'BFW]]]]-7784', 4, '9040 Hermiston Spring\nLake Nicklausborough, NM 44424-2351', 4983, 5001, '8617', 8632, 7455, '3064', 2, 1, 2, '6', 'Haven Schneider', 'Voiture', 'oui', NULL, NULL, '2019-11-19 15:53:43', '2019-11-19 15:53:43'),
	(2089, 'WNO-5090', 4, '276 Barton Islands Apt. 460\nLake Carolinachester, VT 25799-3840', 7802, 8936, '6735', 5864, 1057, '1217', 2, 1, 2, '0', 'Hayden Bauch', 'Voiture', 'oui', NULL, NULL, '2019-11-19 15:53:43', '2019-11-19 15:53:43'),
	(2090, 'RXX]]]]-6064', 4, '82941 Bailey Well Apt. 378\nMaribelside, SC 55534', 5476, 8667, '4499', 8310, 5417, '3374', 2, 1, 2, '9', 'Pinkie Weimann', 'Voiture', 'oui', NULL, NULL, '2019-11-19 15:53:43', '2019-11-19 15:53:43'),
	(2091, 'TBE]]-5307', 4, '3019 Balistreri Light Suite 669\nConroystad, TX 51931', 1660, 8943, '4820', 7467, 8824, '1351', 2, 1, 2, '8', 'Brett Cartwright', 'Voiture', 'oui', NULL, NULL, '2019-11-19 15:53:43', '2019-11-19 15:53:43'),
	(2092, 'XJY]-4198', 4, '1797 Cesar Fort\nNorth Madgefurt, WY 74617-2725', 1389, 8550, '3455', 4486, 1956, '7213', 2, 1, 2, '8', 'Eloy Corkery PhD', 'Voiture', 'oui', NULL, NULL, '2019-11-19 15:53:43', '2019-11-19 15:53:43'),
	(2093, 'MRZ]]]]]]-0757', 4, '9036 Schiller Springs\nPort Pierce, MO 43289-5693', 4257, 8654, '4650', 1269, 4393, '7594', 2, 1, 2, '8', 'Evalyn Stamm Jr.', 'Voiture', 'oui', NULL, NULL, '2019-11-19 15:53:43', '2019-11-19 15:53:43'),
	(2094, 'AHV-0124', 4, '8521 Bernhard Ford\nAlessiachester, MO 43211', 7413, 4629, '5422', 6251, 2315, '4142', 2, 1, 2, '0', 'Ole Abshire', 'Voiture', 'oui', NULL, NULL, '2019-11-19 15:53:43', '2019-11-19 15:53:43'),
	(2095, 'OCC]]-0302', 4, '516 West Field Suite 568\nBernierberg, AZ 39959-5595', 5392, 4177, '3713', 4619, 6259, '5939', 2, 1, 2, '6', 'Mrs. Lilyan VonRueden', 'Voiture', 'oui', NULL, NULL, '2019-11-19 15:53:43', '2019-11-19 15:53:43'),
	(2096, 'DIW-0300', 4, '14092 Veum Bridge\nBalistrerihaven, NE 43018-5596', 6228, 2644, '6195', 3390, 4562, '1321', 2, 1, 2, '9', 'Prof. Buck Hammes Sr.', 'Voiture', 'oui', NULL, NULL, '2019-11-19 15:53:43', '2019-11-19 15:53:43'),
	(2097, 'CWT-7405', 4, '12961 Melissa Cove Apt. 981\nWest Raina, WV 89428-1544', 3237, 3124, '6494', 4891, 4761, '7088', 2, 1, 2, '5', 'Helen Keeling', 'Voiture', 'oui', NULL, NULL, '2019-11-19 15:53:43', '2019-11-19 15:53:43'),
	(2098, 'HLO]]-5590', 4, '10291 Mohr Circles\nTorphychester, ND 13093-1470', 6363, 5973, '8993', 8407, 4901, '5278', 2, 1, 2, '7', 'Priscilla Gulgowski', 'Voiture', 'oui', NULL, NULL, '2019-11-19 15:53:43', '2019-11-19 15:53:43'),
	(2099, 'BMU-5947', 4, '51593 Pollich Lane Suite 505\nNew Modestamouth, KS 50173-6097', 6309, 4421, '3597', 4054, 3232, '3206', 2, 1, 2, '8', 'Ms. Zena Rolfson', 'Voiture', 'oui', NULL, NULL, '2019-11-19 15:53:43', '2019-11-19 15:53:43'),
	(2100, 'JRW-7183', 4, '39080 Bell Bridge Apt. 026\nEast Queen, GA 01037', 4960, 2591, '7990', 6101, 5581, '3605', 2, 1, 2, '3', 'Liliane Satterfield', 'Voiture', 'oui', NULL, NULL, '2019-11-19 15:53:43', '2019-11-19 15:53:43'),
	(2101, 'OOD-2176', 4, '9530 Darrick Forest Apt. 370\nHeidenreichton, AR 25333', 2538, 4867, '2873', 1902, 1791, '5190', 2, 1, 2, '4', 'Katarina White II', 'Voiture', 'oui', NULL, NULL, '2019-11-19 15:53:43', '2019-11-19 15:53:43'),
	(2102, 'KLB]]]]]-6605', 4, '424 Armani Manor\nWest Aylin, NY 63295', 4703, 5641, '5484', 4463, 7848, '5458', 2, 1, 2, '4', 'Prof. Marielle Littel IV', 'Voiture', 'oui', NULL, NULL, '2019-11-19 15:53:43', '2019-11-19 15:53:43'),
	(2103, 'XGX-2865', 4, '3274 Giovanni Drive\nWest Alizeside, AZ 60476', 8285, 1095, '4054', 6180, 4201, '6619', 2, 1, 2, '0', 'Emelia Kuvalis', 'Voiture', 'oui', NULL, NULL, '2019-11-19 15:53:43', '2019-11-19 15:53:43'),
	(2104, 'YAP]]]]-0466', 4, '30968 Labadie Parkway Apt. 021\nWest Beaulahhaven, ND 45580', 7985, 4366, '8781', 7442, 7447, '2626', 2, 1, 2, '8', 'Sophia Heathcote', 'Voiture', 'oui', NULL, NULL, '2019-11-19 15:53:43', '2019-11-19 15:53:43'),
	(2105, 'YCT-3678', 4, '75767 Lacy Camp\nBednarstad, RI 06590-3410', 4492, 2903, '4249', 4034, 5421, '4537', 2, 1, 2, '0', 'Brennan Ryan', 'Voiture', 'oui', NULL, NULL, '2019-11-19 15:53:43', '2019-11-19 15:53:43'),
	(2106, 'OYS-1553', 4, '381 Pfeffer Mountain Apt. 053\nWest Marjoryburgh, ID 33904', 1414, 2649, '1388', 5981, 6629, '7072', 2, 1, 2, '8', 'Mrs. Emelia Macejkovic PhD', 'Voiture', 'oui', NULL, NULL, '2019-11-19 15:53:43', '2019-11-19 15:53:43'),
	(2107, 'CPG]-2960', 4, '97075 Eliane Fords\nTrantowberg, ND 03633-3914', 8708, 4451, '4395', 3118, 5844, '7298', 2, 1, 2, '1', 'Dr. Juvenal O\'Connell', 'Voiture', 'oui', NULL, NULL, '2019-11-19 15:53:43', '2019-11-19 15:53:43'),
	(2108, 'NBZ-3873', 4, '923 Elisha Tunnel Suite 717\nSouth Bartholome, WI 03472-6052', 4538, 8113, '4406', 8237, 3704, '2253', 2, 1, 2, '3', 'Albin Ward Jr.', 'Voiture', 'oui', NULL, NULL, '2019-11-19 15:53:43', '2019-11-19 15:53:43'),
	(2109, 'ACQ]-3177', 4, '499 Cierra Branch Apt. 930\nNew Lonberg, KY 31861-3334', 7693, 3953, '3613', 5777, 8681, '2427', 2, 1, 2, '8', 'Dr. Jordyn Schmeler II', 'Voiture', 'oui', NULL, NULL, '2019-11-19 15:53:43', '2019-11-19 15:53:43'),
	(2110, 'AFF]]]]]]-7011', 4, '94948 Cheyenne Lights\nSouth Eulahberg, NE 27326-9235', 3177, 7132, '3847', 4537, 5334, '6135', 2, 1, 2, '0', 'Aaron Stark', 'Voiture', 'oui', NULL, NULL, '2019-11-19 15:53:43', '2019-11-19 15:53:43'),
	(2111, 'KTC-2922', 4, '791 Mueller Pass Apt. 847\nLeefurt, WI 56605-3507', 2158, 3682, '3386', 6510, 4376, '5442', 2, 1, 2, '7', 'Deanna Lowe', 'Voiture', 'oui', NULL, NULL, '2019-11-19 15:53:43', '2019-11-19 15:53:43'),
	(2112, 'QJY-4274', 4, '6048 Larkin Isle Apt. 421\nSouth Makayla, LA 46472', 3953, 3639, '4518', 2219, 2536, '1177', 2, 1, 2, '9', 'Marguerite Jacobs', 'Voiture', 'oui', NULL, NULL, '2019-11-19 15:53:43', '2019-11-19 15:53:43'),
	(2113, 'LND-1532', 4, '97787 Lillian Fort\nEast Berylton, NV 08153-0474', 1976, 2438, '2486', 6084, 3163, '4669', 2, 1, 2, '0', 'Queenie Kessler', 'Voiture', 'oui', NULL, NULL, '2019-11-19 15:53:43', '2019-11-19 15:53:43'),
	(2114, 'ZHW]]]]-4345', 4, '71185 Hayes Passage\nEast Murrayview, LA 68803', 5173, 2831, '1667', 6607, 7204, '6787', 2, 1, 2, '3', 'Darius Dietrich', 'Voiture', 'oui', NULL, NULL, '2019-11-19 15:53:43', '2019-11-19 15:53:43'),
	(2115, 'NRB]]]-2940', 4, '1239 Easter Inlet Apt. 581\nMiahaven, TN 65531', 8903, 3758, '3454', 3676, 1222, '3837', 2, 1, 2, '0', 'Chelsea Nolan', 'Voiture', 'oui', NULL, NULL, '2019-11-19 15:53:43', '2019-11-19 15:53:43'),
	(2116, 'JKO-3702', 4, '21910 Lamar Skyway Suite 032\nNorafort, WV 44459-0896', 4733, 1471, '1672', 6401, 5867, '4903', 2, 1, 2, '2', 'Dr. Marc Herzog', 'Voiture', 'oui', NULL, NULL, '2019-11-19 15:53:43', '2019-11-19 15:53:43'),
	(2117, 'MSL-3065', 4, '80325 Bella Dale\nPort Brandoton, DE 04054', 3226, 2953, '1438', 6485, 6629, '3290', 2, 1, 2, '5', 'Lowell Heidenreich', 'Voiture', 'oui', NULL, NULL, '2019-11-19 15:53:43', '2019-11-19 15:53:43'),
	(2118, 'LFM-9643', 4, '189 Jay Brook\nWest Catharine, GA 84214', 5345, 1584, '3468', 4379, 5360, '1401', 2, 1, 2, '6', 'Elaina Johnson', 'Voiture', 'oui', NULL, NULL, '2019-11-19 15:53:43', '2019-11-19 15:53:43'),
	(2119, 'WNM]]]]-8279', 4, '16077 Callie Crescent Suite 762\nLake Abigaleton, MT 53535-8031', 3602, 6118, '7429', 1525, 5936, '8832', 2, 1, 2, '3', 'Mr. Efren Marks', 'Voiture', 'oui', NULL, NULL, '2019-11-19 15:53:43', '2019-11-19 15:53:43'),
	(2120, 'JYE]-5656', 4, '96035 Kamryn Extension\nLefflermouth, IN 43249', 1042, 1764, '3542', 6735, 8557, '5261', 2, 1, 2, '2', 'Corbin Hermann I', 'Voiture', 'oui', NULL, NULL, '2019-11-19 15:53:43', '2019-11-19 15:53:43'),
	(2121, 'PLV]]]-4280', 4, '259 Madisen Mount\nBerneicemouth, HI 91806', 5225, 1734, '3814', 2655, 6945, '6381', 2, 1, 2, '0', 'Mohammed Klocko', 'Voiture', 'oui', NULL, NULL, '2019-11-19 15:53:43', '2019-11-19 15:53:43'),
	(2122, 'JFQ]]]]]-5451', 4, '38122 Berenice Spurs Suite 130\nDarrionside, NE 24740-8100', 1799, 3785, '4329', 6221, 6305, '5013', 2, 1, 2, '3', 'Jaydon Jaskolski', 'Voiture', 'oui', NULL, NULL, '2019-11-19 15:53:43', '2019-11-19 15:53:43'),
	(2123, 'NZJ]-2965', 4, '1899 Waelchi Common\nSashamouth, TN 86808-3807', 1143, 7806, '1401', 3863, 2757, '5810', 2, 1, 2, '1', 'Urban Swaniawski', 'Voiture', 'oui', NULL, NULL, '2019-11-19 15:53:43', '2019-11-19 15:53:43'),
	(2124, 'PTU-4159', 4, '15788 Trantow Estates\nEast Dianaberg, MS 48463', 8533, 5839, '5256', 7274, 1819, '2130', 2, 1, 2, '9', 'Ms. Queen Graham MD', 'Voiture', 'oui', NULL, NULL, '2019-11-19 15:53:43', '2019-11-19 15:53:43'),
	(2125, 'AGM]-4485', 4, '21255 Aditya Squares Suite 866\nWest Jaylonhaven, DC 47807', 1834, 1279, '4931', 1631, 2177, '2093', 2, 1, 2, '3', 'Monique Durgan', 'Voiture', 'oui', NULL, NULL, '2019-11-19 15:53:43', '2019-11-19 15:53:43'),
	(2126, 'GVP]]]]]]-3489', 4, '5627 Anastasia Burgs\nLangport, MD 97847-0638', 7559, 3441, '7375', 1851, 5254, '7814', 2, 1, 2, '3', 'Kamryn Lubowitz III', 'Voiture', 'oui', NULL, NULL, '2019-11-19 15:53:43', '2019-11-19 15:53:43'),
	(2127, 'EMB]]]]-6797', 4, '139 Lemke Crossing Apt. 346\nEast Keirabury, FL 94475', 8372, 1361, '8472', 2865, 7381, '3045', 2, 1, 2, '4', 'Dr. Abbigail Weissnat PhD', 'Voiture', 'oui', NULL, NULL, '2019-11-19 15:53:43', '2019-11-19 15:53:43'),
	(2128, 'MVW-4621', 4, '946 Rohan Brook\nWest Teresaton, SC 52191-9192', 1884, 4760, '6753', 1341, 5517, '7039', 2, 1, 2, '4', 'Shanie Balistreri MD', 'Voiture', 'oui', NULL, NULL, '2019-11-19 15:53:43', '2019-11-19 15:53:43'),
	(2129, 'DZD-2673', 4, '1975 Quigley Island Suite 898\nLake Austin, VT 20862', 7145, 1547, '3953', 5151, 2541, '4794', 2, 1, 2, '3', 'Ben McKenzie', 'Voiture', 'oui', NULL, NULL, '2019-11-19 15:53:43', '2019-11-19 15:53:43'),
	(2130, 'SDE]]]-8951', 4, '1190 Rosella Tunnel Apt. 251\nDouglasfurt, TN 99879-6577', 7703, 6739, '1567', 4905, 7847, '2874', 2, 1, 2, '2', 'Dr. Bernita Gulgowski', 'Voiture', 'oui', NULL, NULL, '2019-11-19 15:53:43', '2019-11-19 15:53:43'),
	(2131, 'VMJ-0971', 4, '689 Larson Village Suite 471\nMcDermotttown, MI 15647', 4445, 8113, '8739', 6936, 6883, '4966', 2, 1, 2, '7', 'Garrett Heller', 'Voiture', 'oui', NULL, NULL, '2019-11-19 15:53:43', '2019-11-19 15:53:43'),
	(2132, 'IXE]]]-0538', 4, '6723 Eugenia Cliffs Suite 892\nKoelpinburgh, SC 98950', 3396, 3885, '5423', 2457, 5453, '3061', 2, 1, 2, '6', 'Vincent Ondricka II', 'Voiture', 'oui', NULL, NULL, '2019-11-19 15:53:43', '2019-11-19 15:53:43'),
	(2133, 'BID-4122', 4, '15660 Kub Camp\nKarineport, AZ 14017', 8916, 7000, '5976', 2928, 6524, '4020', 2, 1, 2, '8', 'Mr. Elwyn Russel II', 'Voiture', 'oui', NULL, NULL, '2019-11-19 15:53:43', '2019-11-19 15:53:43'),
	(2134, 'HWJ-2402', 4, '18494 Adele Walk Apt. 101\nStromanborough, NC 65644-0587', 6374, 8516, '3837', 5556, 1838, '8090', 2, 1, 2, '2', 'Summer Larson', 'Voiture', 'oui', NULL, NULL, '2019-11-19 15:53:43', '2019-11-19 15:53:43'),
	(2135, 'CHW-8859', 4, '958 Mossie Stravenue\nGrahamberg, ND 16036-8436', 3297, 2020, '4132', 5130, 8818, '5543', 2, 1, 2, '2', 'Florencio Bartoletti', 'Voiture', 'oui', NULL, NULL, '2019-11-19 15:53:43', '2019-11-19 15:53:43'),
	(2136, 'BTM]-8424', 4, '488 Reed Squares\nGreggmouth, WV 58333', 3266, 6130, '6316', 3497, 3715, '2948', 2, 1, 2, '1', 'Jakob Pouros', 'Voiture', 'oui', NULL, NULL, '2019-11-19 15:53:43', '2019-11-19 15:53:43'),
	(2137, 'ALW-3849', 4, '319 Nitzsche Springs\nPort Gerard, NJ 22577-5925', 5434, 1037, '4067', 2997, 6211, '6548', 2, 1, 2, '7', 'Prof. Brando Hodkiewicz DVM', 'Voiture', 'oui', NULL, NULL, '2019-11-19 15:53:44', '2019-11-19 15:53:44'),
	(2138, 'XIW]]]]-4654', 4, '957 Bahringer Land Suite 065\nCristbury, CO 81762-1793', 6929, 5388, '3936', 5142, 5547, '6452', 2, 1, 2, '0', 'Aracely VonRueden', 'Voiture', 'oui', NULL, NULL, '2019-11-19 15:53:44', '2019-11-19 15:53:44'),
	(2139, 'WPL]-6289', 4, '3138 Hoyt Tunnel\nLake Savannahhaven, AL 50213-9147', 6169, 5105, '7807', 8949, 8473, '4967', 2, 1, 2, '8', 'Pasquale Grady PhD', 'Voiture', 'oui', NULL, NULL, '2019-11-19 15:53:44', '2019-11-19 15:53:44'),
	(2140, 'UCT]]]]]]]-9340', 4, '1520 Kemmer Forge Suite 614\nBiankaview, OK 55270-4829', 1892, 5787, '8998', 1902, 3162, '4963', 2, 1, 2, '1', 'Melvin Halvorson', 'Voiture', 'oui', NULL, NULL, '2019-11-19 15:53:44', '2019-11-19 15:53:44'),
	(2141, 'XGK]-6910', 4, '11562 Franecki Inlet Apt. 850\nEast Hilario, WY 68542-7262', 1599, 5072, '7629', 4720, 4414, '4535', 2, 1, 2, '8', 'Annabel Fritsch Sr.', 'Voiture', 'oui', NULL, NULL, '2019-11-19 15:53:45', '2019-11-19 15:53:45'),
	(2142, 'XRV]]]]]]]-0820', 4, '9807 Skiles Parkway\nNew Korymouth, OH 16250-8479', 2731, 3217, '7957', 2519, 6674, '8650', 2, 1, 2, '5', 'Rod Johnston PhD', 'Voiture', 'oui', NULL, NULL, '2019-11-19 15:53:45', '2019-11-19 15:53:45'),
	(2143, 'WDQ]]]-5349', 4, '1904 D\'angelo Villages Apt. 183\nSouth Ethylville, OK 30574-4587', 4621, 4603, '1348', 7382, 7634, '8138', 2, 1, 2, '5', 'Dr. Cathrine Schiller', 'Voiture', 'oui', NULL, NULL, '2019-11-19 15:53:45', '2019-11-19 15:53:45'),
	(2144, 'LHH]-0948', 4, '346 Johnston Mews Suite 526\nZoefort, AK 23296-8206', 6143, 2312, '6971', 7093, 3245, '1650', 2, 1, 2, '8', 'Brandy Simonis', 'Voiture', 'oui', NULL, NULL, '2019-11-19 15:53:45', '2019-11-19 15:53:45'),
	(2145, 'IZC]]]-9981', 4, '721 DuBuque Valleys\nNew Lafayette, CO 35544-1169', 4979, 5577, '2612', 2120, 7652, '5057', 2, 1, 2, '9', 'Prof. Jovanny Lynch II', 'Voiture', 'oui', NULL, NULL, '2019-11-19 15:53:45', '2019-11-19 15:53:45'),
	(2146, 'JZH]]-5684', 4, '170 Miller Point\nO\'Connellport, VA 13833', 1022, 8517, '5301', 4236, 2331, '3393', 2, 1, 2, '4', 'Kaleb Mohr', 'Voiture', 'oui', NULL, NULL, '2019-11-19 15:53:45', '2019-11-19 15:53:45'),
	(2147, 'ELT]]-8052', 4, '537 Kihn Ports\nPort Cecil, VT 51517-2881', 3177, 1626, '5217', 8183, 4420, '6200', 2, 1, 2, '3', 'Hailie Raynor', 'Voiture', 'oui', NULL, NULL, '2019-11-19 15:53:45', '2019-11-19 15:53:45'),
	(2148, 'NED-6670', 4, '1060 Williamson Ridges Apt. 518\nEast Edmundton, KY 84378', 6724, 2360, '4455', 6865, 4569, '3846', 2, 1, 2, '3', 'Maddison Dibbert', 'Voiture', 'oui', NULL, NULL, '2019-11-19 15:53:45', '2019-11-19 15:53:45'),
	(2149, 'PMT]-1561', 4, '929 Dianna Manor\nStokesfurt, NC 85459-2925', 8936, 8377, '1316', 3029, 2864, '3697', 2, 1, 2, '1', 'Patrick Sawayn', 'Voiture', 'oui', NULL, NULL, '2019-11-19 15:53:45', '2019-11-19 15:53:45'),
	(2150, 'XSO]]]]-6007', 4, '8020 Baumbach Parkway Apt. 094\nGabrielleberg, AK 39792', 6643, 3193, '2354', 6339, 6863, '3641', 2, 1, 2, '5', 'Miss Sydni Crona I', 'Voiture', 'oui', NULL, NULL, '2019-11-19 15:53:45', '2019-11-19 15:53:45'),
	(2151, 'DXG]-1956', 4, '29238 Gerhold Gardens Suite 440\nPort Savannahbury, MT 52329', 4544, 8774, '7409', 8025, 5051, '6194', 2, 1, 2, '3', 'Prof. Haley Koss', 'Voiture', 'oui', NULL, NULL, '2019-11-19 15:53:45', '2019-11-19 15:53:45'),
	(2152, 'SWN-3265', 4, '2809 Ike Island Apt. 760\nNew Rylee, MT 18738', 3239, 7903, '1220', 3633, 3219, '8786', 2, 1, 2, '8', 'Dr. Katelynn Haag', 'Voiture', 'oui', NULL, NULL, '2019-11-19 15:53:45', '2019-11-19 15:53:45'),
	(2153, 'WCG-0436', 4, '320 Lonnie Extensions\nSouth Jordynbury, OH 54673-5347', 1835, 6105, '8700', 2892, 5751, '8711', 2, 1, 2, '2', 'Dr. Adalberto Reichert', 'Voiture', 'oui', NULL, NULL, '2019-11-19 15:53:45', '2019-11-19 15:53:45'),
	(2154, 'OEZ]]]]-4147', 4, '61698 Wilkinson Coves\nPort Fridamouth, PA 90720', 5500, 6997, '7927', 5317, 5368, '6643', 2, 1, 2, '0', 'Ernestine Gottlieb', 'Voiture', 'oui', NULL, NULL, '2019-11-19 15:53:45', '2019-11-19 15:53:45'),
	(2155, 'LGC]]-5370', 4, '2505 Fadel Lock\nSchummchester, NJ 53471', 2451, 1208, '7060', 5447, 1701, '3064', 2, 1, 2, '3', 'Romaine Botsford', 'Voiture', 'oui', NULL, NULL, '2019-11-19 15:53:45', '2019-11-19 15:53:45'),
	(2156, 'OYX-4103', 4, '41393 Botsford Key Suite 030\nSchuylerside, AK 32271', 4457, 8605, '2681', 1309, 3720, '2573', 2, 1, 2, '7', 'Lily Towne', 'Voiture', 'oui', NULL, NULL, '2019-11-19 15:53:45', '2019-11-19 15:53:45'),
	(2157, 'LCB]]]]]]]-2609', 4, '973 Breitenberg Via Suite 504\nEdythville, CO 80979-5831', 1350, 7238, '6836', 4042, 1054, '1941', 2, 1, 2, '1', 'Christelle Beatty PhD', 'Voiture', 'oui', NULL, NULL, '2019-11-19 15:53:45', '2019-11-19 15:53:45'),
	(2158, 'DUA]]]]-6803', 4, '59591 Gulgowski Cove\nNew Randallburgh, LA 96136-6348', 3116, 7425, '6712', 5373, 5073, '1209', 2, 1, 2, '6', 'Tatum Beer', 'Voiture', 'oui', NULL, NULL, '2019-11-19 15:53:45', '2019-11-19 15:53:45'),
	(2159, 'RFT-7754', 4, '74385 Linda Meadow Apt. 948\nCheyennehaven, TX 62775', 8086, 2470, '3762', 8799, 6766, '5556', 2, 1, 2, '1', 'Adolfo Rempel', 'Voiture', 'oui', NULL, NULL, '2019-11-19 15:53:45', '2019-11-19 15:53:45'),
	(2160, 'DBI-8106', 4, '3923 Fadel Mount\nNorth Gersonville, KY 60004', 3233, 8529, '8226', 8480, 7797, '8304', 2, 1, 2, '4', 'Sedrick Bode', 'Voiture', 'oui', NULL, NULL, '2019-11-19 15:53:45', '2019-11-19 15:53:45'),
	(2161, 'TCZ]]]-7369', 4, '84702 Osbaldo Harbors\nAlecfort, GA 70931', 3905, 2031, '6677', 5645, 4310, '2366', 2, 1, 2, '4', 'Norene Kulas PhD', 'Voiture', 'oui', NULL, NULL, '2019-11-19 15:53:45', '2019-11-19 15:53:45'),
	(2162, 'RPF-6196', 4, '81856 Devon Ramp Apt. 645\nSouth Nicholaus, WI 40093', 5534, 1926, '5307', 8289, 6799, '4496', 2, 1, 2, '2', 'Ervin Hills', 'Voiture', 'oui', NULL, NULL, '2019-11-19 15:53:45', '2019-11-19 15:53:45'),
	(2163, 'VSI-5971', 4, '7234 Marvin Way\nNorth Vallie, KS 90382-7063', 6196, 1668, '6578', 1825, 6153, '1834', 2, 1, 2, '5', 'Lurline Rogahn PhD', 'Voiture', 'oui', NULL, NULL, '2019-11-19 15:53:45', '2019-11-19 15:53:45'),
	(2164, 'TKB-8787', 4, '58320 O\'Conner Fall\nLake Elizabethberg, IN 69155-7541', 7411, 7545, '8804', 8374, 3803, '5398', 2, 1, 2, '8', 'Finn Steuber', 'Voiture', 'oui', NULL, NULL, '2019-11-19 15:53:45', '2019-11-19 15:53:45'),
	(2165, 'QIH-8312', 4, '1298 Unique Coves Suite 098\nPort Sydniechester, IN 05561', 5306, 5761, '1572', 8128, 3695, '5229', 2, 1, 2, '9', 'Prof. Evalyn Hoeger', 'Voiture', 'oui', NULL, NULL, '2019-11-19 15:53:45', '2019-11-19 15:53:45'),
	(2166, 'TWX]]]]-4625', 4, '93838 Denesik Flats\nPaucekland, DE 71849-1514', 4203, 3898, '6788', 5545, 3343, '4603', 2, 1, 2, '2', 'Antonia Kuhic', 'Voiture', 'oui', NULL, NULL, '2019-11-19 15:53:45', '2019-11-19 15:53:45'),
	(2167, 'YRX-7505', 4, '68334 Bridie Ports Apt. 992\nWuckerttown, CT 44924-5405', 6168, 2726, '4481', 6942, 5348, '8138', 2, 1, 2, '8', 'Mr. Gabriel Fisher', 'Voiture', 'oui', NULL, NULL, '2019-11-19 15:53:45', '2019-11-19 15:53:45'),
	(2168, 'LLN]]]]]]]]-7261', 4, '478 Dariana Key Apt. 539\nBogisichhaven, NC 54632-7794', 8187, 7042, '2926', 7947, 5216, '3346', 2, 1, 2, '2', 'Akeem Mann', 'Voiture', 'oui', NULL, NULL, '2019-11-19 15:53:45', '2019-11-19 15:53:45'),
	(2169, 'VBE]]]]]-4012', 4, '97614 Vito Branch\nDwightfurt, SD 59868', 7911, 9000, '5421', 7842, 1740, '5526', 2, 1, 2, '8', 'Ezra Cormier', 'Voiture', 'oui', NULL, NULL, '2019-11-19 15:53:45', '2019-11-19 15:53:45'),
	(2170, 'ATY-4013', 4, '760 Reinger Loaf Suite 689\nBuddyborough, WY 04893', 3803, 2914, '3687', 4834, 6544, '4416', 2, 1, 2, '6', 'Nyasia Adams', 'Voiture', 'oui', NULL, NULL, '2019-11-19 15:53:45', '2019-11-19 15:53:45'),
	(2171, 'APZ]]-0934', 4, '328 Towne Burg Suite 709\nEast Llewellyn, MO 89166-4961', 5683, 1144, '5642', 4092, 3555, '3327', 2, 1, 2, '8', 'Marlon Kuphal', 'Voiture', 'oui', NULL, NULL, '2019-11-19 15:53:45', '2019-11-19 15:53:45'),
	(2172, 'HDX]]]]]]]]-0273', 4, '841 Klocko Valleys Suite 117\nFlatleystad, VA 67525-7294', 5507, 5852, '2141', 3884, 5316, '2377', 2, 1, 2, '0', 'Flavie Abshire', 'Voiture', 'oui', NULL, NULL, '2019-11-19 15:53:45', '2019-11-19 15:53:45'),
	(2173, 'HTS]]-9030', 4, '210 Buckridge Square Apt. 085\nEast Shainamouth, WV 34511-2503', 5996, 7842, '7507', 8960, 6278, '8796', 2, 1, 2, '7', 'Finn Klein', 'Voiture', 'oui', NULL, NULL, '2019-11-19 15:53:45', '2019-11-19 15:53:45'),
	(2174, 'SSD-9506', 4, '9296 Edythe Summit Suite 105\nEast Mattie, DC 60070', 6752, 4480, '7756', 8349, 3604, '3389', 2, 1, 2, '0', 'Mr. Lamar Russel', 'Voiture', 'oui', NULL, NULL, '2019-11-19 15:53:45', '2019-11-19 15:53:45'),
	(2175, 'MFV]-9594', 4, '659 Freida Dam\nDestinyborough, RI 83414', 5659, 3066, '4623', 8115, 7591, '5640', 2, 1, 2, '5', 'Bonnie Spencer', 'Voiture', 'oui', NULL, NULL, '2019-11-19 15:53:45', '2019-11-19 15:53:45'),
	(2176, 'BKZ]]]-3735', 4, '38790 Kihn Creek Suite 423\nEvieport, OR 57132', 2343, 1562, '5469', 3401, 2689, '6213', 2, 1, 2, '2', 'Winona Mertz', 'Voiture', 'oui', NULL, NULL, '2019-11-19 15:53:45', '2019-11-19 15:53:45'),
	(2177, 'MMH-3318', 4, '9989 Corwin Dale\nJanetberg, MN 90242', 6339, 4408, '4507', 6665, 6116, '1853', 2, 1, 2, '2', 'Prof. Faye Emard', 'Voiture', 'oui', NULL, NULL, '2019-11-19 15:53:45', '2019-11-19 15:53:45'),
	(2178, 'WXQ]-9103', 4, '50180 Vada Hill\nHeathcotemouth, KS 26735', 2435, 7177, '4309', 7940, 5978, '2077', 2, 1, 2, '2', 'Katherine Heathcote III', 'Voiture', 'oui', NULL, NULL, '2019-11-19 15:53:45', '2019-11-19 15:53:45'),
	(2179, 'GJF]]]]]-1040', 4, '738 Grimes Motorway\nAdelafurt, HI 30488-8291', 6646, 8733, '3290', 4486, 3817, '2173', 2, 1, 2, '9', 'Prof. Francis Lehner II', 'Voiture', 'oui', NULL, NULL, '2019-11-19 15:53:45', '2019-11-19 15:53:45'),
	(2180, 'LYU]]]-0038', 4, '2498 Tyrel Throughway\nKrajcikhaven, AL 05921-5356', 3331, 7504, '8731', 3607, 2635, '8787', 2, 1, 2, '7', 'Josh Marquardt', 'Voiture', 'oui', NULL, NULL, '2019-11-19 15:53:45', '2019-11-19 15:53:45'),
	(2181, 'MYZ]]]]]]-7835', 4, '8478 Stanton Forge Suite 433\nAidanville, OR 11918', 1612, 2535, '8106', 4819, 5182, '2172', 2, 1, 2, '0', 'Imogene Torphy', 'Voiture', 'oui', NULL, NULL, '2019-11-19 15:53:45', '2019-11-19 15:53:45'),
	(2182, 'LOD]]]]]]-0255', 4, '3807 Jalyn Meadow Apt. 111\nFeilshire, WA 57022-5996', 2450, 6544, '8085', 1762, 7932, '7442', 2, 1, 2, '4', 'Bradford Wintheiser Sr.', 'Voiture', 'oui', NULL, NULL, '2019-11-19 15:53:45', '2019-11-19 15:53:45'),
	(2183, 'YXF]]]]]]]-0709', 4, '1849 Ansel Street Suite 913\nEstellaport, PA 14636', 7298, 2136, '3731', 1535, 5822, '6370', 2, 1, 2, '3', 'Emelia Lebsack I', 'Voiture', 'oui', NULL, NULL, '2019-11-19 15:53:45', '2019-11-19 15:53:45'),
	(2184, 'IMI]]]-7738', 4, '75973 Witting Corners\nHammesland, IN 28903-4962', 4093, 8717, '8720', 4133, 5422, '2669', 2, 1, 2, '1', 'Jo Windler', 'Voiture', 'oui', NULL, NULL, '2019-11-19 15:53:45', '2019-11-19 15:53:45'),
	(2185, 'AGT]]]-2325', 4, '18313 Becker Passage\nMcCulloughville, RI 15532-7477', 5357, 6952, '2799', 4963, 8585, '2177', 2, 1, 2, '6', 'Sofia Grant', 'Voiture', 'oui', NULL, NULL, '2019-11-19 15:53:45', '2019-11-19 15:53:45'),
	(2186, 'DFW]-1828', 4, '1703 Joey Flats Suite 802\nWest Zaria, NC 87493-6987', 6542, 8482, '7763', 8654, 2694, '5119', 2, 1, 2, '0', 'Dr. Opal Kunde II', 'Voiture', 'oui', NULL, NULL, '2019-11-19 15:53:45', '2019-11-19 15:53:45'),
	(2187, 'JFI]]]-2736', 4, '72991 Audie Falls Apt. 212\nPort Alexistown, MS 51424', 8760, 5938, '2969', 8833, 6259, '4567', 2, 1, 2, '1', 'Theresa Hintz', 'Voiture', 'oui', NULL, NULL, '2019-11-19 15:53:45', '2019-11-19 15:53:45'),
	(2188, 'VCR]]]]]]]-8592', 4, '1049 Price Spring Apt. 206\nJeffereychester, KS 79441', 6602, 7972, '6928', 7820, 1554, '1929', 2, 1, 2, '8', 'Rahsaan Waters III', 'Voiture', 'oui', NULL, NULL, '2019-11-19 15:53:45', '2019-11-19 15:53:45'),
	(2189, 'QQK]]-2337', 4, '3290 Davonte Greens Apt. 958\nOpalville, SC 38788', 5143, 7895, '2804', 4633, 3435, '5015', 2, 1, 2, '5', 'Tito Wehner Jr.', 'Voiture', 'oui', NULL, NULL, '2019-11-19 15:53:45', '2019-11-19 15:53:45'),
	(2190, 'IWZ]-5193', 4, '339 Medhurst Ford Suite 216\nRyleighland, HI 77740', 3330, 3766, '2806', 8516, 4591, '6156', 2, 1, 2, '8', 'Mr. Conner Johns V', 'Voiture', 'oui', NULL, NULL, '2019-11-19 15:53:45', '2019-11-19 15:53:45'),
	(2191, 'NLA]]]]]-2959', 4, '68239 Destin Trail\nNorth Brielletown, MO 93573', 6768, 6393, '6477', 3527, 2920, '7191', 2, 1, 2, '6', 'Willard King', 'Voiture', 'oui', NULL, NULL, '2019-11-19 15:53:45', '2019-11-19 15:53:45'),
	(2192, 'DUD-1952', 4, '5285 Sammie Lakes Suite 032\nYvonneberg, TX 12555', 6476, 5588, '4383', 7812, 7869, '1286', 2, 1, 2, '3', 'Juwan Stark', 'Voiture', 'oui', NULL, NULL, '2019-11-19 15:53:45', '2019-11-19 15:53:45'),
	(2193, 'HHM-3057', 4, '8997 Kyleigh Neck Suite 183\nEast Blairside, TX 01658-4666', 5197, 7965, '3063', 7307, 6377, '2125', 2, 1, 2, '8', 'Maiya Strosin', 'Voiture', 'oui', NULL, NULL, '2019-11-19 15:53:45', '2019-11-19 15:53:45'),
	(2194, 'GBS]-6110', 4, '792 Lind Plaza\nSpinkaview, NH 43067-2216', 8111, 3158, '5165', 4183, 1923, '7613', 2, 1, 2, '4', 'Kobe Collier', 'Voiture', 'oui', NULL, NULL, '2019-11-19 15:53:45', '2019-11-19 15:53:45'),
	(2195, 'TWP]-4227', 4, '445 Rosella Parkways Apt. 424\nKossfurt, NV 72295', 8913, 2389, '2529', 7661, 3182, '3329', 2, 1, 2, '3', 'Brown Schultz III', 'Voiture', 'oui', NULL, NULL, '2019-11-19 15:53:45', '2019-11-19 15:53:45'),
	(2196, 'NAT]-7717', 4, '39531 Ullrich Shores\nNew Beauland, AZ 24781-3929', 4590, 4410, '2223', 2827, 5999, '1973', 2, 1, 2, '2', 'Donnie Zulauf DVM', 'Voiture', 'oui', NULL, NULL, '2019-11-19 15:53:45', '2019-11-19 15:53:45'),
	(2197, 'BBA]-4550', 4, '22077 Reichert Plaza Suite 900\nWest Meaghan, MI 32854-9969', 8727, 1726, '5912', 1863, 1029, '8432', 2, 1, 2, '4', 'Dr. Yolanda Runte II', 'Voiture', 'oui', NULL, NULL, '2019-11-19 15:53:45', '2019-11-19 15:53:45'),
	(2198, 'IMJ]]]]]-4256', 4, '703 Ilene Alley Apt. 626\nNorth Malikahaven, MD 59741-5373', 1736, 7909, '7870', 8834, 2978, '8871', 2, 1, 2, '2', 'Levi Stiedemann', 'Voiture', 'oui', NULL, NULL, '2019-11-19 15:53:45', '2019-11-19 15:53:45'),
	(2199, 'ERW]]-0135', 4, '587 Lemke Inlet Suite 948\nKeelingburgh, ID 27153-2721', 7851, 2445, '1040', 6252, 2297, '7596', 2, 1, 2, '1', 'Fatima Ortiz II', 'Voiture', 'oui', NULL, NULL, '2019-11-19 15:53:45', '2019-11-19 15:53:45'),
	(2200, 'SSQ]-6549', 4, '871 Sauer Locks Apt. 779\nLoyalhaven, CA 70884', 1452, 1459, '6741', 8234, 8278, '2024', 2, 1, 2, '9', 'Brennan Reinger', 'Voiture', 'oui', NULL, NULL, '2019-11-19 15:53:45', '2019-11-19 15:53:45'),
	(2201, 'TPK-1395', 4, '33483 Feil Corners\nPort Reginaldside, NM 35092', 1053, 5278, '8170', 1235, 5304, '3331', 2, 1, 2, '3', 'Dr. Reginald Moore', 'Voiture', 'oui', NULL, NULL, '2019-11-19 15:53:45', '2019-11-19 15:53:45'),
	(2202, 'GRP-6546', 4, '576 Sabina Mill\nEliezerside, LA 99977', 6077, 3179, '3367', 6662, 7973, '6155', 2, 1, 2, '1', 'Evangeline O\'Keefe', 'Voiture', 'oui', NULL, NULL, '2019-11-19 15:53:45', '2019-11-19 15:53:45'),
	(2203, 'HUS]]]]]-1224', 4, '97567 Shany Plains Apt. 617\nNormachester, NE 32194', 7551, 2205, '3974', 1106, 8633, '5304', 2, 1, 2, '5', 'Alyson Hilpert', 'Voiture', 'oui', NULL, NULL, '2019-11-19 15:53:45', '2019-11-19 15:53:45'),
	(2204, 'VCT]]-0459', 4, '28849 Jast Trail\nCarrollmouth, WI 96296-3866', 6783, 2740, '1959', 1501, 3619, '2925', 2, 1, 2, '7', 'Akeem Goodwin', 'Voiture', 'oui', NULL, NULL, '2019-11-19 15:53:45', '2019-11-19 15:53:45'),
	(2205, 'TKX]]]]]-3754', 4, '7854 Jakubowski Junction\nBrockbury, MI 20962-0087', 3377, 8463, '2790', 8616, 8646, '3322', 2, 1, 2, '8', 'Ahmed Parker', 'Voiture', 'oui', NULL, NULL, '2019-11-19 15:53:45', '2019-11-19 15:53:45'),
	(2206, 'VWI]]]]-4105', 4, '721 Hayes Lock Apt. 872\nJanshire, MI 79075', 7678, 7647, '5872', 1081, 7132, '7024', 2, 1, 2, '3', 'Randy Feeney', 'Voiture', 'oui', NULL, NULL, '2019-11-19 15:53:45', '2019-11-19 15:53:45'),
	(2207, 'YGR]-2064', 4, '2788 Wehner Drive\nPort Johathan, AK 38321-1940', 5233, 8526, '5540', 4986, 8367, '3814', 2, 1, 2, '3', 'Ms. Glenda Waters PhD', 'Voiture', 'oui', NULL, NULL, '2019-11-19 15:53:45', '2019-11-19 15:53:45'),
	(2208, 'ZVV]]]]]]-3906', 4, '676 Mitchell Lock Suite 280\nDooleyfurt, AZ 72809-8426', 1911, 4202, '3229', 3017, 7073, '4241', 2, 1, 2, '5', 'Nolan Mayer DVM', 'Voiture', 'oui', NULL, NULL, '2019-11-19 15:53:45', '2019-11-19 15:53:45'),
	(2209, 'KBT]]]]]-5989', 4, '44525 Verdie Estates\nSpinkaview, ND 90115-7549', 7014, 3191, '8994', 1552, 6075, '3483', 2, 1, 2, '6', 'Rollin Ferry DVM', 'Voiture', 'oui', NULL, NULL, '2019-11-19 15:53:45', '2019-11-19 15:53:45'),
	(2210, 'PKX-1375', 4, '5961 Susana Keys Apt. 339\nEast Borischester, CA 40802-0471', 3918, 1096, '4499', 3946, 8270, '7635', 2, 1, 2, '3', 'Mr. Ellis Hermiston', 'Voiture', 'oui', NULL, NULL, '2019-11-19 15:53:45', '2019-11-19 15:53:45'),
	(2211, 'JTP-5922', 4, '7954 Aliza Turnpike\nGlovertown, AK 91812-0251', 2122, 2535, '8934', 4749, 2418, '4038', 2, 1, 2, '3', 'Manley Durgan', 'Voiture', 'oui', NULL, NULL, '2019-11-19 15:53:45', '2019-11-19 15:53:45'),
	(2212, 'SRX]]]-9515', 4, '84565 Walsh Lights Suite 016\nNorth Tania, UT 40063-0864', 7585, 5491, '5640', 6648, 5926, '5618', 2, 1, 2, '7', 'Dr. Cyrus Ziemann I', 'Voiture', 'oui', NULL, NULL, '2019-11-19 15:53:45', '2019-11-19 15:53:45'),
	(2213, 'HYI]]]]-0206', 4, '12388 Denesik Estate\nSouth Henry, VA 57416', 2565, 5703, '6708', 1523, 3011, '4751', 2, 1, 2, '9', 'Pansy Windler', 'Voiture', 'oui', NULL, NULL, '2019-11-19 15:53:45', '2019-11-19 15:53:45'),
	(2214, 'PVH-5504', 4, '94163 Koch Manors\nLake Mayrastad, DE 92745', 4983, 6485, '8068', 7456, 3733, '6848', 2, 1, 2, '9', 'Letha Leannon III', 'Voiture', 'oui', NULL, NULL, '2019-11-19 15:53:45', '2019-11-19 15:53:45'),
	(2215, 'ELK]-4968', 4, '3543 Yvonne Island\nNew Bernadetteside, VT 53279-8026', 5997, 5842, '8703', 2191, 3745, '7160', 2, 1, 2, '2', 'Orin Tromp', 'Voiture', 'oui', NULL, NULL, '2019-11-19 15:53:45', '2019-11-19 15:53:45'),
	(2216, 'CMV-5418', 4, '72686 Nella Throughway Suite 898\nLake Clarabelle, IL 82200-8204', 2146, 2714, '4410', 3465, 5009, '1199', 2, 1, 2, '3', 'Sabryna Kerluke', 'Voiture', 'oui', NULL, NULL, '2019-11-19 15:53:45', '2019-11-19 15:53:45'),
	(2217, 'QRA]]]]]-8320', 4, '77157 Wiegand Tunnel\nNorth Donatohaven, CA 58522-3033', 7013, 4725, '7807', 6547, 7564, '8518', 2, 1, 2, '4', 'Ron Kuhic', 'Voiture', 'oui', NULL, NULL, '2019-11-19 15:53:45', '2019-11-19 15:53:45'),
	(2218, 'MCE]]]]]]]-7259', 4, '63517 Williamson Road Suite 507\nNew Jermey, MO 49153', 1975, 3805, '1324', 2489, 7992, '6830', 2, 1, 2, '2', 'Durward Heathcote', 'Voiture', 'oui', NULL, NULL, '2019-11-19 15:53:45', '2019-11-19 15:53:45'),
	(2219, 'MJV-4023', 4, '33217 Stehr Orchard Suite 479\nMarisachester, MI 14259-1867', 2135, 2886, '3729', 8633, 5404, '7626', 2, 1, 2, '9', 'Raleigh Braun PhD', 'Voiture', 'oui', NULL, NULL, '2019-11-19 15:53:45', '2019-11-19 15:53:45'),
	(2220, 'XYG-9761', 4, '4431 Pat Hollow Suite 009\nElvistown, IL 46470-8223', 5743, 7947, '7482', 1410, 8417, '5458', 2, 1, 2, '7', 'Dr. Bobbie Prohaska', 'Voiture', 'oui', NULL, NULL, '2019-11-19 15:53:45', '2019-11-19 15:53:45'),
	(2221, 'LJU-7090', 4, '704 Zulauf Bridge Suite 477\nSouth Omafurt, CA 22611-7853', 2716, 1256, '4502', 1659, 4071, '5660', 2, 1, 2, '3', 'Jettie Quitzon', 'Voiture', 'oui', NULL, NULL, '2019-11-19 15:53:45', '2019-11-19 15:53:45'),
	(2222, 'BJI]-7314', 4, '96073 Runolfsson Station Suite 304\nNorth Wardland, GA 48061', 7043, 3652, '4755', 3794, 7568, '4090', 2, 1, 2, '7', 'Kristian O\'Reilly', 'Voiture', 'oui', NULL, NULL, '2019-11-19 15:53:45', '2019-11-19 15:53:45'),
	(2223, 'EXL]]-5510', 4, '9259 Alejandra Camp\nWest Price, NH 89993', 6462, 1129, '2557', 4559, 4236, '2988', 2, 1, 2, '4', 'Kendall Hegmann', 'Voiture', 'oui', NULL, NULL, '2019-11-19 15:53:45', '2019-11-19 15:53:45'),
	(2224, 'GPM-9380', 4, '95742 Precious Ville\nEast Laney, NJ 34979-0566', 8737, 4025, '7709', 8098, 3069, '2175', 2, 1, 2, '2', 'Laurine Franecki', 'Voiture', 'oui', NULL, NULL, '2019-11-19 15:53:45', '2019-11-19 15:53:45'),
	(2225, 'SAY-0298', 4, '91917 Nitzsche Heights Apt. 722\nCornellbury, MD 90211', 2411, 2729, '6454', 6342, 4110, '4896', 2, 1, 2, '6', 'Aurelio Moore', 'Voiture', 'oui', NULL, NULL, '2019-11-19 15:53:45', '2019-11-19 15:53:45'),
	(2226, 'QJW]-7405', 4, '7861 Morissette Estate\nLandenstad, NJ 68886', 5204, 5767, '7667', 2671, 8509, '7264', 2, 1, 2, '6', 'Carmel Hilpert', 'Voiture', 'oui', NULL, NULL, '2019-11-19 15:53:45', '2019-11-19 15:53:45'),
	(2227, 'CYC]]-2554', 4, '24292 Chad Island\nReidland, PA 78395-1408', 6852, 8632, '1134', 2670, 8028, '4904', 2, 1, 2, '7', 'Prof. Adell Haag MD', 'Voiture', 'oui', NULL, NULL, '2019-11-19 15:53:45', '2019-11-19 15:53:45'),
	(2228, 'ECO]]]]]]]-7859', 4, '127 Smith Ville Apt. 297\nWest Darbyview, IA 79368', 4399, 1981, '3814', 2176, 6622, '5581', 2, 1, 2, '8', 'Prof. Tillman Jacobi', 'Voiture', 'oui', NULL, NULL, '2019-11-19 15:53:45', '2019-11-19 15:53:45'),
	(2229, 'QZY-9657', 4, '6443 Schimmel Path\nAshleyton, ND 86272', 8219, 5938, '5847', 7325, 7470, '5485', 2, 1, 2, '4', 'Emmalee Cummerata', 'Voiture', 'oui', NULL, NULL, '2019-11-19 15:53:45', '2019-11-19 15:53:45'),
	(2230, 'JEO]-1369', 4, '86714 Mueller Port\nNew Georgianna, OK 11034-8702', 5183, 4925, '2239', 4698, 3191, '6822', 2, 1, 2, '8', 'Henderson McLaughlin', 'Voiture', 'oui', NULL, NULL, '2019-11-19 15:53:45', '2019-11-19 15:53:45'),
	(2231, 'RVQ]]]]]-3391', 4, '71087 Kuvalis Track Suite 536\nPort Zelma, AK 60331', 7832, 1016, '5532', 3645, 6646, '1726', 2, 1, 2, '8', 'Randy McKenzie', 'Voiture', 'oui', NULL, NULL, '2019-11-19 15:53:45', '2019-11-19 15:53:45'),
	(2232, 'IBR]-8250', 4, '2125 Clare Place Apt. 346\nWest Erwinberg, MI 76711-0132', 6638, 3869, '6629', 7514, 8048, '4827', 2, 1, 2, '4', 'Ona McGlynn', 'Voiture', 'oui', NULL, NULL, '2019-11-19 15:53:45', '2019-11-19 15:53:45'),
	(2233, 'IYA]]-5983', 4, '78521 Moore Land\nEast Brennonchester, RI 76461-3582', 4567, 6219, '7141', 3375, 4723, '2034', 2, 1, 2, '1', 'Trycia Kozey', 'Voiture', 'oui', NULL, NULL, '2019-11-19 15:53:45', '2019-11-19 15:53:45'),
	(2234, 'EJG-0773', 4, '1039 Jorge Burgs Apt. 701\nEast Leonardohaven, FL 91311-8557', 7632, 1859, '8716', 4436, 3773, '7005', 2, 1, 2, '1', 'Heloise Jakubowski', 'Voiture', 'oui', NULL, NULL, '2019-11-19 15:53:45', '2019-11-19 15:53:45'),
	(2235, 'LZH]]-2464', 4, '2276 Tromp Grove\nFaheyport, NH 65552', 1741, 5067, '8766', 6540, 2613, '8181', 2, 1, 2, '6', 'Carolanne Stiedemann', 'Voiture', 'oui', NULL, NULL, '2019-11-19 15:53:45', '2019-11-19 15:53:45'),
	(2236, 'FWP-9431', 4, '33748 Kutch Parkway\nCorwinstad, OR 00064', 6277, 6687, '6032', 7640, 5318, '5758', 2, 1, 2, '5', 'Marcella Wintheiser MD', 'Voiture', 'oui', NULL, NULL, '2019-11-19 15:53:45', '2019-11-19 15:53:45'),
	(2237, 'GAN]]]]]]]-9580', 4, '504 Pfeffer Knoll\nSouth Ambrosemouth, HI 02913', 2695, 8126, '8831', 5084, 6402, '4655', 2, 1, 2, '3', 'Mr. Dayne Kerluke', 'Voiture', 'oui', NULL, NULL, '2019-11-19 15:53:45', '2019-11-19 15:53:45'),
	(2238, 'IRZ-6380', 4, '2041 Schneider Unions Apt. 620\nSouth Pearlinemouth, MI 86949-6712', 1150, 3698, '1561', 1965, 7605, '5157', 2, 1, 2, '5', 'Oswaldo Connelly', 'Voiture', 'oui', NULL, NULL, '2019-11-19 15:53:45', '2019-11-19 15:53:45'),
	(2239, 'EOA-1857', 4, '90529 Aida Wells\nBertstad, MS 93915-2589', 1614, 7421, '4056', 7239, 1686, '3915', 2, 1, 2, '0', 'Una Cartwright', 'Voiture', 'oui', NULL, NULL, '2019-11-19 15:53:45', '2019-11-19 15:53:45'),
	(2240, 'LFK]]]]]-7572', 4, '2009 Deckow Tunnel Apt. 691\nHaagchester, IA 52867-8618', 1329, 7384, '3231', 3089, 1473, '1028', 2, 1, 2, '4', 'Dominique Koch', 'Voiture', 'oui', NULL, NULL, '2019-11-19 15:53:45', '2019-11-19 15:53:45'),
	(2241, 'NCU-3713', 4, '18480 Grimes Road\nLake Evelyn, ME 93480', 8684, 8700, '6733', 2506, 7228, '2157', 2, 1, 2, '7', 'Hazel Kuhic', 'Voiture', 'oui', NULL, NULL, '2019-11-19 15:53:45', '2019-11-19 15:53:45'),
	(2242, 'LDK]]-3927', 4, '59706 McGlynn Stravenue\nSouth Mathilde, SD 47405', 2528, 2841, '2600', 6520, 3152, '1512', 2, 1, 2, '8', 'Cyrus Casper Sr.', 'Voiture', 'oui', NULL, NULL, '2019-11-19 15:53:45', '2019-11-19 15:53:45'),
	(2243, 'RZF]-0229', 4, '5452 Gutkowski Plaza Apt. 194\nGiovanitown, GA 23244', 2460, 8596, '4606', 5984, 4915, '3122', 2, 1, 2, '2', 'Janiya Mraz', 'Voiture', 'oui', NULL, NULL, '2019-11-19 15:53:45', '2019-11-19 15:53:45'),
	(2244, 'BFV]-1097', 4, '722 Torp Skyway\nSouth Marcellusfort, NJ 80018', 7762, 4483, '3794', 4542, 7782, '2145', 2, 1, 2, '5', 'Yessenia Feest', 'Voiture', 'oui', NULL, NULL, '2019-11-19 15:53:45', '2019-11-19 15:53:45'),
	(2245, 'GHR]]]-9444', 4, '95512 Rosalinda Burg Suite 367\nSmithborough, KY 13596-8763', 8992, 5606, '3154', 4023, 6427, '1554', 2, 1, 2, '3', 'Estel Murazik IV', 'Voiture', 'oui', NULL, NULL, '2019-11-19 15:53:45', '2019-11-19 15:53:45'),
	(2246, 'GMI]-3292', 4, '4907 Bergstrom Roads Apt. 477\nSchillerland, AR 94199-1500', 7050, 7134, '8639', 3969, 7714, '6201', 2, 1, 2, '6', 'Adell Bartoletti', 'Voiture', 'oui', NULL, NULL, '2019-11-19 15:53:45', '2019-11-19 15:53:45'),
	(2247, 'FUD]]]]]-4906', 4, '6873 Strosin Stravenue Suite 915\nHamillburgh, NJ 70663', 8694, 2899, '1723', 7507, 7521, '1578', 2, 1, 2, '4', 'Polly Oberbrunner', 'Voiture', 'oui', NULL, NULL, '2019-11-19 15:53:45', '2019-11-19 15:53:45'),
	(2248, 'WEP-5449', 4, '19479 Conn Ford\nEast Anna, LA 88638', 2003, 3396, '7583', 7288, 6070, '8804', 2, 1, 2, '2', 'Ms. Margarita O\'Reilly', 'Voiture', 'oui', NULL, NULL, '2019-11-19 15:53:45', '2019-11-19 15:53:45'),
	(2249, 'QTW]-7573', 4, '851 Garth Estates\nMargaritastad, ND 26798-4083', 7368, 7726, '4296', 4879, 2898, '4685', 2, 1, 2, '9', 'Glen Feeney', 'Voiture', 'oui', NULL, NULL, '2019-11-19 15:53:45', '2019-11-19 15:53:45'),
	(2250, 'TMC]]]]]-9909', 4, '6079 Marina Trail\nNew Zachariahville, NH 80207-9796', 5196, 8752, '7591', 2979, 6581, '7011', 2, 1, 2, '5', 'Dr. Edwardo Cole', 'Voiture', 'oui', NULL, NULL, '2019-11-19 15:53:45', '2019-11-19 15:53:45'),
	(2251, 'LRP]]]-3802', 4, '96403 Rogahn Brook Apt. 448\nMcLaughlinborough, IN 10039-7494', 8753, 3045, '8230', 4016, 8896, '5405', 2, 1, 2, '1', 'Danial Abbott', 'Voiture', 'oui', NULL, NULL, '2019-11-19 15:53:45', '2019-11-19 15:53:45'),
	(2252, 'ERW-6723', 4, '44279 Gerson Mountains\nNew Coraliebury, LA 76102-5412', 7924, 2883, '4210', 6114, 3384, '2380', 2, 1, 2, '0', 'Aida Jaskolski', 'Voiture', 'oui', NULL, NULL, '2019-11-19 15:53:45', '2019-11-19 15:53:45'),
	(2253, 'LLU]-1477', 4, '165 Swaniawski Groves Suite 550\nJerdefort, MT 27671-5566', 7539, 6993, '2325', 2945, 5960, '7381', 2, 1, 2, '2', 'Jarret Ankunding', 'Voiture', 'oui', NULL, NULL, '2019-11-19 15:53:45', '2019-11-19 15:53:45'),
	(2254, 'QAH]]]-0143', 4, '75308 Shaina Path\nSouth Penelope, NH 79989', 6549, 5418, '3041', 6770, 6166, '5687', 2, 1, 2, '2', 'Prof. Eldora Skiles DVM', 'Voiture', 'oui', NULL, NULL, '2019-11-19 15:53:45', '2019-11-19 15:53:45'),
	(2255, 'ZZO]]]]]]]-9659', 4, '8368 Alicia Villages\nPort Faustino, MD 66167-2372', 3134, 6290, '1122', 6290, 1470, '7170', 2, 1, 2, '9', 'Angeline Cruickshank', 'Voiture', 'oui', NULL, NULL, '2019-11-19 15:53:45', '2019-11-19 15:53:45'),
	(2256, 'SNZ]]-8691', 4, '715 Meredith Terrace\nNew Sedrick, VT 04265-0319', 1640, 3469, '2231', 5178, 3756, '2929', 2, 1, 2, '3', 'Dr. Ferne Bauch', 'Voiture', 'oui', NULL, NULL, '2019-11-19 15:53:45', '2019-11-19 15:53:45'),
	(2257, 'LJX]]]]]]-6636', 4, '279 Arne Port Apt. 833\nEast Euna, CA 29825', 3770, 5868, '7175', 5250, 6668, '7839', 2, 1, 2, '5', 'William Lind', 'Voiture', 'oui', NULL, NULL, '2019-11-19 15:53:45', '2019-11-19 15:53:45'),
	(2258, 'ZEW]-8471', 4, '1016 Aileen Street\nPort Agustina, MA 19147-7541', 8752, 1067, '1062', 7499, 7534, '1539', 2, 1, 2, '7', 'Ms. Ayana Little Sr.', 'Voiture', 'oui', NULL, NULL, '2019-11-19 15:53:45', '2019-11-19 15:53:45'),
	(2259, 'YGY-7046', 4, '582 Madie Trail Apt. 585\nBergstromchester, WV 83083-1277', 6851, 7374, '1028', 1800, 8083, '8242', 2, 1, 2, '9', 'Remington Reilly', 'Voiture', 'oui', NULL, NULL, '2019-11-19 15:53:45', '2019-11-19 15:53:45'),
	(2260, 'CMW]]]]]-1791', 4, '5558 Joanne Viaduct Apt. 884\nNoblebury, CO 80253-2460', 8017, 4578, '7404', 7107, 6017, '4115', 2, 1, 2, '5', 'Prof. Elwin Huels I', 'Voiture', 'oui', NULL, NULL, '2019-11-19 15:53:45', '2019-11-19 15:53:45'),
	(2261, 'IEW]]-8741', 4, '8014 General Highway Suite 359\nPort Destintown, CO 28777', 2716, 5033, '3396', 7709, 4182, '5659', 2, 1, 2, '7', 'Miss Anabelle Hirthe', 'Voiture', 'oui', NULL, NULL, '2019-11-19 15:53:45', '2019-11-19 15:53:45'),
	(2262, 'WLP]]]-6740', 4, '10079 Westley Canyon\nLake Taylorland, ID 74426-1321', 3813, 2649, '5062', 4211, 8752, '6360', 2, 1, 2, '9', 'Niko Bergstrom DVM', 'Voiture', 'oui', NULL, NULL, '2019-11-19 15:53:45', '2019-11-19 15:53:45'),
	(2263, 'RAP]]]-1072', 4, '9688 Skiles Union\nO\'Connellville, MD 71134-1802', 8424, 2714, '6784', 1925, 4235, '6308', 2, 1, 2, '4', 'Vilma Muller', 'Voiture', 'oui', NULL, NULL, '2019-11-19 15:53:45', '2019-11-19 15:53:45'),
	(2264, 'XMO]]-2901', 4, '907 Jamil Causeway Apt. 487\nLake Brooks, NM 32465', 5483, 3190, '2330', 8387, 5584, '1121', 2, 1, 2, '6', 'Prof. Colby Zemlak', 'Voiture', 'oui', NULL, NULL, '2019-11-19 15:53:45', '2019-11-19 15:53:45'),
	(2265, 'KAP-6811', 4, '91303 Israel Drive\nEasterbury, PA 15244-8823', 4220, 2100, '5876', 8462, 3558, '7699', 2, 1, 2, '7', 'Alyson Beer III', 'Voiture', 'oui', NULL, NULL, '2019-11-19 15:53:45', '2019-11-19 15:53:45'),
	(2266, 'EPJ-7978', 4, '598 Weldon Brook Apt. 214\nLeliaton, LA 42034-7383', 5507, 2990, '7252', 2132, 6571, '7233', 2, 1, 2, '3', 'Miss Mollie Dibbert II', 'Voiture', 'oui', NULL, NULL, '2019-11-19 15:53:45', '2019-11-19 15:53:45'),
	(2267, 'MWP]-0459', 4, '89247 Goldner Burg Apt. 613\nJenkinsmouth, OH 57547-1487', 8158, 4317, '5263', 7955, 4118, '1499', 2, 1, 2, '6', 'Allison Kuvalis II', 'Voiture', 'oui', NULL, NULL, '2019-11-19 15:53:45', '2019-11-19 15:53:45'),
	(2268, 'YHL]]]]]]]-4678', 4, '968 Ritchie Station\nNorth Allen, OH 88556', 4120, 5199, '5551', 3983, 8051, '2112', 2, 1, 2, '6', 'Deondre Kuhlman', 'Voiture', 'oui', NULL, NULL, '2019-11-19 15:53:45', '2019-11-19 15:53:45'),
	(2269, 'RVN]]]]-9531', 4, '47605 Mohr Squares Apt. 576\nSouth Julienview, SC 79003', 1663, 2230, '3755', 8955, 2526, '3523', 2, 1, 2, '5', 'Hettie O\'Conner PhD', 'Voiture', 'oui', NULL, NULL, '2019-11-19 15:53:45', '2019-11-19 15:53:45'),
	(2270, 'FOL]-2026', 4, '2357 Kihn Wells Apt. 241\nPort Henryville, CT 70590-8903', 4492, 7026, '7787', 4594, 2510, '7026', 2, 1, 2, '7', 'Rusty Sipes', 'Voiture', 'oui', NULL, NULL, '2019-11-19 15:53:45', '2019-11-19 15:53:45'),
	(2271, 'UDX]-8432', 4, '159 Abby Garden Suite 849\nSouth Randimouth, ME 93947-8498', 1457, 6517, '7280', 7900, 2809, '2626', 2, 1, 2, '0', 'Cali Bergnaum', 'Voiture', 'oui', NULL, NULL, '2019-11-19 15:53:45', '2019-11-19 15:53:45'),
	(2272, 'FWJ]]]]]]-8621', 4, '919 Larry Alley Apt. 865\nNorth Fordfurt, PA 19211-2076', 2557, 6987, '1576', 3053, 8364, '1151', 2, 1, 2, '3', 'Dortha Hickle DVM', 'Voiture', 'oui', NULL, NULL, '2019-11-19 15:53:45', '2019-11-19 15:53:45'),
	(2273, 'WAB]]]]]-5142', 4, '17005 Bechtelar Overpass Apt. 383\nEast Don, ME 76074', 3831, 8350, '3803', 5921, 6193, '8583', 2, 1, 2, '7', 'Francesca Baumbach', 'Voiture', 'oui', NULL, NULL, '2019-11-19 15:53:45', '2019-11-19 15:53:45'),
	(2274, 'CRO]-7231', 4, '419 Hammes Cliff\nNorth Alvena, DE 39862', 7625, 8027, '3375', 7432, 4497, '7333', 2, 1, 2, '2', 'Prof. Selmer Wintheiser V', 'Voiture', 'oui', NULL, NULL, '2019-11-19 15:53:45', '2019-11-19 15:53:45'),
	(2275, 'KEK]]]-8304', 4, '59640 Cole Club Suite 523\nHammesberg, NH 56707', 4122, 8040, '4238', 2897, 2216, '1752', 2, 1, 2, '0', 'Kattie Prosacco', 'Voiture', 'oui', NULL, NULL, '2019-11-19 15:53:45', '2019-11-19 15:53:45'),
	(2276, 'ZYJ]]]-0016', 4, '205 Stark Field\nFaheystad, MA 77256-1653', 8176, 8246, '2473', 3745, 5989, '7924', 2, 1, 2, '2', 'Gayle Klein I', 'Voiture', 'oui', NULL, NULL, '2019-11-19 15:53:45', '2019-11-19 15:53:45'),
	(2277, 'XUJ-7358', 4, '64309 Hackett Parkway Apt. 686\nPort Sydneeton, DE 87257-9123', 1148, 4884, '7125', 6799, 5509, '2029', 2, 1, 2, '4', 'Treva Swift', 'Voiture', 'oui', NULL, NULL, '2019-11-19 15:53:45', '2019-11-19 15:53:45'),
	(2278, 'LTI]]-4501', 4, '4999 Quitzon Pine Apt. 165\nNew Bernhard, ME 33359-2807', 4865, 6699, '8151', 4350, 8291, '5363', 2, 1, 2, '9', 'Olin Tromp', 'Voiture', 'oui', NULL, NULL, '2019-11-19 15:53:45', '2019-11-19 15:53:45'),
	(2279, 'TGL]]]]]]]-9957', 4, '65097 Carlotta Light\nRosalindaport, OR 17426-0446', 8268, 3899, '6437', 3153, 1009, '5023', 2, 1, 2, '7', 'Clair Raynor II', 'Voiture', 'oui', NULL, NULL, '2019-11-19 15:53:45', '2019-11-19 15:53:45'),
	(2280, 'AZH]]]]-0444', 4, '5964 Elna Center Suite 553\nBlockchester, AZ 08935', 4481, 4757, '1880', 4997, 8297, '8936', 2, 1, 2, '8', 'Dr. Alden Hegmann PhD', 'Voiture', 'oui', NULL, NULL, '2019-11-19 15:53:45', '2019-11-19 15:53:45'),
	(2281, 'RMU-5624', 4, '63708 Rebeka Roads\nCristianbury, MI 52722-2743', 6185, 5349, '8051', 7744, 5634, '4703', 2, 1, 2, '7', 'Braden Flatley', 'Voiture', 'oui', NULL, NULL, '2019-11-19 15:53:45', '2019-11-19 15:53:45'),
	(2282, 'QBZ]]-6872', 4, '708 Gerda Spring Suite 195\nSouth Lacyberg, KY 69902-3815', 4501, 7958, '4684', 6296, 1152, '2644', 2, 1, 2, '2', 'Shaniya Romaguera', 'Voiture', 'oui', NULL, NULL, '2019-11-19 15:53:45', '2019-11-19 15:53:45'),
	(2283, 'TYN]]]-2247', 4, '428 Kemmer Neck\nDurganfurt, NE 93993', 4294, 3953, '7272', 2936, 6820, '5353', 2, 1, 2, '6', 'Eveline Nicolas Jr.', 'Voiture', 'oui', NULL, NULL, '2019-11-19 15:53:45', '2019-11-19 15:53:45'),
	(2284, 'RBD]]]-1427', 4, '309 Mayer Prairie Suite 343\nNorth Jewelburgh, LA 70333', 8181, 2740, '1655', 2599, 7135, '7528', 2, 1, 2, '8', 'Wilma Kuhlman', 'Voiture', 'oui', NULL, NULL, '2019-11-19 15:53:45', '2019-11-19 15:53:45'),
	(2285, 'ZLQ]]]]]]-1624', 4, '17583 Tobin Rapids\nWunschmouth, NY 41045', 5787, 2294, '7323', 3315, 2465, '1854', 2, 1, 2, '9', 'Prof. Mortimer Lueilwitz', 'Voiture', 'oui', NULL, NULL, '2019-11-19 15:53:45', '2019-11-19 15:53:45'),
	(2286, 'YZH]]-6524', 4, '4326 Aniya Trail Apt. 093\nSouth Kavon, AR 81418', 6680, 4552, '7119', 6068, 2956, '1429', 2, 1, 2, '8', 'Prof. Oral Hoeger', 'Voiture', 'oui', NULL, NULL, '2019-11-19 15:53:45', '2019-11-19 15:53:45'),
	(2287, 'IPA]-2101', 4, '465 Adriel Summit Apt. 451\nLake Prudence, MO 58956', 5756, 4463, '3125', 7930, 4150, '7051', 2, 1, 2, '1', 'Gonzalo Fritsch', 'Voiture', 'oui', NULL, NULL, '2019-11-19 15:53:45', '2019-11-19 15:53:45'),
	(2289, 'YFJ]]-0160', 4, '950 Santina Freeway Apt. 338\nYundttown, CO 18521', 2403, 2700, '3319', 7966, 5067, '2733', 2, 1, 2, '2', 'Grayson Koepp', 'Voiture', 'oui', NULL, NULL, '2019-11-19 15:53:45', '2019-11-19 15:53:45'),
	(2290, 'VIM-5391', 4, '6399 Estell Brooks Apt. 698\nLake Deontae, TN 80587-9956', 2564, 3502, '4738', 6063, 7628, '8745', 2, 1, 2, '8', 'Vinnie Rogahn', 'Voiture', 'oui', NULL, NULL, '2019-11-19 15:53:45', '2019-11-19 15:53:45'),
	(2291, 'IKW]]]]]-5174', 4, '36796 Schneider Park Apt. 219\nMurraychester, SC 64506-6278', 1871, 8401, '1393', 3828, 8408, '2845', 2, 1, 2, '5', 'Austen Grant', 'Voiture', 'oui', NULL, NULL, '2019-11-19 15:53:45', '2019-11-19 15:53:45'),
	(2292, 'KNQ-8677', 4, '69702 Toni Field Apt. 567\nMckaylaview, MI 20603', 1845, 1417, '5480', 7722, 5593, '4768', 2, 1, 2, '0', 'Keyon Rohan', 'Voiture', 'oui', NULL, NULL, '2019-11-19 15:53:45', '2019-11-19 15:53:45'),
	(2293, 'ZQM]-9584', 4, '305 Jay Harbors Apt. 843\nNew Viviane, AZ 01419', 4615, 8005, '7058', 8187, 1823, '6555', 2, 1, 2, '3', 'Prof. Yasmeen Beer Sr.', 'Voiture', 'oui', NULL, NULL, '2019-11-19 15:53:45', '2019-11-19 15:53:45'),
	(2294, 'UPF]]]-3067', 4, '2106 Bernadette Mountains\nMurphyshire, VT 76307', 1918, 3180, '2076', 1115, 6185, '6393', 2, 1, 2, '5', 'Dr. Robb Deckow III', 'Voiture', 'oui', NULL, NULL, '2019-11-19 15:53:45', '2019-11-19 15:53:45'),
	(2295, 'EUU]]]]]]-9535', 4, '13223 McDermott Shoal\nEast Lucasburgh, IL 21602-3808', 3771, 1601, '6205', 5888, 8622, '3185', 2, 1, 2, '2', 'Prof. Alex Hintz I', 'Voiture', 'oui', NULL, NULL, '2019-11-19 15:53:45', '2019-11-19 15:53:45'),
	(2296, 'HZD-6260', 4, '747 Gutkowski Mountains\nWalkerchester, CO 90202-1827', 1185, 2763, '7639', 5446, 1622, '4457', 2, 1, 2, '4', 'Hertha Nienow', 'Voiture', 'oui', NULL, NULL, '2019-11-19 15:53:45', '2019-11-19 15:53:45'),
	(2297, 'PWH]-4157', 4, '7123 McClure Ville\nTillmanhaven, KY 85883', 7654, 2754, '4753', 7754, 8777, '4172', 2, 1, 2, '7', 'Dr. Roma Kreiger Jr.', 'Voiture', 'oui', NULL, NULL, '2019-11-19 15:53:45', '2019-11-19 15:53:45'),
	(2298, 'SHE-6513', 4, '54103 Kautzer Flat\nYostbury, KY 87867-8076', 8168, 6031, '1159', 7114, 7540, '6371', 2, 1, 2, '2', 'Berneice Morissette', 'Voiture', 'oui', NULL, NULL, '2019-11-19 15:53:45', '2019-11-19 15:53:45'),
	(2299, 'TPE]]-7502', 4, '2232 Amy Springs Suite 309\nArmstrongview, MS 25469-8772', 6891, 6708, '2997', 5138, 8481, '7360', 2, 1, 2, '1', 'Frederique Schmidt', 'Voiture', 'oui', NULL, NULL, '2019-11-19 15:53:45', '2019-11-19 15:53:45'),
	(2300, 'QZS]]]-5235', 4, '378 Parisian Radial Apt. 813\nSouth Whitney, HI 38895-8827', 6818, 6464, '8589', 2292, 5139, '5821', 2, 1, 2, '0', 'Prof. Arlo Kohler', 'Voiture', 'oui', NULL, NULL, '2019-11-19 15:53:45', '2019-11-19 15:53:45'),
	(2301, 'AVT]-8222', 4, '1968 Clementina Canyon Suite 128\nNew Kayleyville, KY 22407-8381', 5164, 6113, '3908', 4788, 2168, '3311', 2, 1, 2, '0', 'Adalberto Hirthe MD', 'Voiture', 'oui', NULL, NULL, '2019-11-19 15:53:45', '2019-11-19 15:53:45'),
	(2302, 'MGH]]-1452', 4, '7257 Jennyfer Stream Apt. 156\nValentinaland, RI 48105-6568', 6893, 7977, '2020', 7475, 1920, '2154', 2, 1, 2, '7', 'Johnson Emmerich', 'Voiture', 'oui', NULL, NULL, '2019-11-19 15:53:45', '2019-11-19 15:53:45'),
	(2303, 'UXK]-8174', 4, '32644 Lindsey Village Apt. 699\nLake Santinomouth, WI 20348-3872', 4029, 6206, '3456', 1170, 7650, '2073', 2, 1, 2, '0', 'Theodore Parisian', 'Voiture', 'oui', NULL, NULL, '2019-11-19 15:53:45', '2019-11-19 15:53:45'),
	(2304, 'ANO]-7541', 4, '28351 Janiya Center\nErnsermouth, HI 89141-0613', 5429, 8919, '4283', 4616, 1049, '4638', 2, 1, 2, '5', 'Alfonzo Grady', 'Voiture', 'oui', NULL, NULL, '2019-11-19 15:53:45', '2019-11-19 15:53:45'),
	(2305, 'CFO]]]-8545', 4, '4502 Christelle Trace Apt. 905\nMurphymouth, NC 82733-1540', 3055, 1545, '2368', 5825, 7959, '8680', 2, 1, 2, '2', 'Nelda Koss', 'Voiture', 'oui', NULL, NULL, '2019-11-19 15:53:45', '2019-11-19 15:53:45'),
	(2306, 'WZE]]]]]-2235', 4, '66876 Sandra Flats Apt. 470\nSouth Garlandland, VT 74765-7772', 4365, 7775, '7512', 2000, 1284, '4667', 2, 1, 2, '9', 'Jovan Altenwerth', 'Voiture', 'oui', NULL, NULL, '2019-11-19 15:53:45', '2019-11-19 15:53:45'),
	(2307, 'GPG-8127', 4, '429 Weber Pike Apt. 942\nDanielburgh, MI 07232', 4903, 8595, '6998', 7955, 1842, '8576', 2, 1, 2, '2', 'Mr. Glen Mayer PhD', 'Voiture', 'oui', NULL, NULL, '2019-11-19 15:53:45', '2019-11-19 15:53:45'),
	(2308, 'WXL]-8024', 4, '28511 Goldner Alley Apt. 907\nHilpertburgh, NC 31804-3105', 6146, 2920, '8928', 6223, 1783, '7419', 2, 1, 2, '7', 'Dr. Mack Hartmann', 'Voiture', 'oui', NULL, NULL, '2019-11-19 15:53:45', '2019-11-19 15:53:45'),
	(2309, 'VKQ-2109', 4, '418 Christ Glen\nNelsmouth, WI 34008', 2323, 3101, '4240', 7880, 6921, '4376', 2, 1, 2, '5', 'Miss Berneice Schowalter Sr.', 'Voiture', 'oui', NULL, NULL, '2019-11-19 15:53:45', '2019-11-19 15:53:45'),
	(2310, 'RQK]]]]-0280', 4, '2008 Garnet Flats\nLeslyfort, TN 27054', 8860, 8452, '3721', 5498, 4223, '1528', 2, 1, 2, '3', 'Otis Morissette', 'Voiture', 'oui', NULL, NULL, '2019-11-19 15:53:45', '2019-11-19 15:53:45'),
	(2311, 'OFH]]]]]]]-4222', 4, '942 Ciara Valley Suite 567\nJosefinahaven, IA 57137', 8951, 3342, '6784', 5343, 2068, '6928', 2, 1, 2, '1', 'Dr. Luna Swift DDS', 'Voiture', 'oui', NULL, NULL, '2019-11-19 15:53:45', '2019-11-19 15:53:45'),
	(2312, 'HMA]]]]]-2640', 4, '102 Preston Tunnel\nWest Rowenamouth, AZ 67560', 3396, 2529, '8173', 3482, 1689, '4393', 2, 1, 2, '3', 'Greg Runolfsson PhD', 'Voiture', 'oui', NULL, NULL, '2019-11-19 15:53:45', '2019-11-19 15:53:45'),
	(2313, 'MUW]-4164', 4, '115 Wunsch Parkways\nNorth Melisabury, OR 88214', 8600, 5893, '1435', 8973, 3368, '8309', 2, 1, 2, '0', 'Weldon Donnelly', 'Voiture', 'oui', NULL, NULL, '2019-11-19 15:53:45', '2019-11-19 15:53:45'),
	(2314, 'NAK-4870', 4, '65208 Jesus Tunnel Suite 976\nPort Zita, WI 65415', 6130, 2983, '1634', 3494, 7963, '2231', 2, 1, 2, '6', 'Mr. Perry Reichel', 'Voiture', 'oui', NULL, NULL, '2019-11-19 15:53:45', '2019-11-19 15:53:45'),
	(2315, 'DLX]-2044', 4, '5865 Rice Flats Apt. 572\nWest Adellehaven, AK 42821', 1376, 5471, '4986', 6389, 4668, '2550', 2, 1, 2, '9', 'Dr. Murray Buckridge', 'Voiture', 'oui', NULL, NULL, '2019-11-19 15:53:45', '2019-11-19 15:53:45'),
	(2316, 'FKM-7555', 4, '9741 Sipes Springs Apt. 384\nEast Talia, LA 27327-0143', 4459, 4195, '6059', 5467, 5802, '5209', 2, 1, 2, '5', 'Ms. Hattie Bechtelar', 'Voiture', 'oui', NULL, NULL, '2019-11-19 15:53:45', '2019-11-19 15:53:45'),
	(2317, 'TKG]]-3803', 4, '810 Grayson Fords Apt. 086\nNew Oren, CT 31008-5350', 1150, 7017, '4336', 8349, 7067, '3594', 2, 1, 2, '5', 'Adrian Ledner', 'Voiture', 'oui', NULL, NULL, '2019-11-19 15:53:45', '2019-11-19 15:53:45'),
	(2318, 'YKA]-6037', 4, '7583 Giovanna Landing\nWest Adrian, WI 51927', 6633, 1065, '1485', 6606, 3829, '1140', 2, 1, 2, '9', 'America Sipes', 'Voiture', 'oui', NULL, NULL, '2019-11-19 15:53:45', '2019-11-19 15:53:45'),
	(2319, 'PDZ]-5038', 4, '91961 Stehr River Apt. 890\nLake Jerroldfort, SD 97419-2323', 7166, 7724, '4987', 1800, 8282, '3610', 2, 1, 2, '3', 'German Heaney', 'Voiture', 'oui', NULL, NULL, '2019-11-19 15:53:45', '2019-11-19 15:53:45'),
	(2320, 'KAD]]-7135', 4, '4706 Prosacco Road\nWalterside, KS 65957-0373', 4888, 1402, '8330', 1100, 4957, '8974', 2, 1, 2, '2', 'Mrs. Lessie Tromp Sr.', 'Voiture', 'oui', NULL, NULL, '2019-11-19 15:53:45', '2019-11-19 15:53:45'),
	(2321, 'VQI]-7443', 4, '37552 Russel Squares Apt. 983\nBartonbury, WY 82078', 5795, 3187, '8298', 5536, 3767, '3552', 2, 1, 2, '0', 'Angie Greenholt', 'Voiture', 'oui', NULL, NULL, '2019-11-19 15:53:45', '2019-11-19 15:53:45'),
	(2322, 'YVM]]]-5227', 4, '41837 Nelle Parkways\nDorotheahaven, OR 43092-3241', 6106, 4338, '7464', 5924, 4347, '7691', 2, 1, 2, '8', 'Mr. Giles Jenkins', 'Voiture', 'oui', NULL, NULL, '2019-11-19 15:53:45', '2019-11-19 15:53:45'),
	(2323, 'AKT-3706', 4, '8926 Balistreri Shores Suite 177\nPort Jacintheville, AK 84623', 8816, 6086, '6227', 2843, 2458, '6624', 2, 1, 2, '0', 'Tony Dibbert III', 'Voiture', 'oui', NULL, NULL, '2019-11-19 15:53:45', '2019-11-19 15:53:45'),
	(2324, 'ZAN-7965', 4, '802 Casper Lights Suite 363\nVonRuedenstad, LA 78517', 8062, 7128, '7473', 1493, 1024, '5719', 2, 1, 2, '6', 'Pablo Greenfelder', 'Voiture', 'oui', NULL, NULL, '2019-11-19 15:53:45', '2019-11-19 15:53:45'),
	(2325, 'ALT]-9087', 4, '631 McCullough Freeway\nSouth Brooklyn, NE 67934', 5338, 5188, '3003', 2654, 6115, '1629', 2, 1, 2, '1', 'Brennan Bergstrom', 'Voiture', 'oui', NULL, NULL, '2019-11-19 15:53:45', '2019-11-19 15:53:45'),
	(2326, 'QTW]-3327', 4, '334 Fahey Squares\nWest Brennaport, MS 13723', 1187, 4929, '8762', 7772, 6358, '3219', 2, 1, 2, '7', 'Gavin Hilpert', 'Voiture', 'oui', NULL, NULL, '2019-11-19 15:53:45', '2019-11-19 15:53:45'),
	(2327, 'KVJ]-9540', 4, '453 Hickle Tunnel Apt. 596\nEast Effie, OH 44645-8731', 8388, 5222, '4829', 8294, 6584, '2716', 2, 1, 2, '2', 'Dr. Tre Heidenreich II', 'Voiture', 'oui', NULL, NULL, '2019-11-19 15:53:45', '2019-11-19 15:53:45'),
	(2328, 'GHF-5942', 4, '4829 Cary Via Apt. 369\nPaucekmouth, NC 22370', 5674, 6836, '3179', 7118, 8710, '3803', 2, 1, 2, '7', 'Genoveva Hudson', 'Voiture', 'oui', NULL, NULL, '2019-11-19 15:53:45', '2019-11-19 15:53:45'),
	(2329, 'NUV]]]]]-9331', 4, '65092 Federico Walk Apt. 073\nSouth Jaylin, KS 45377', 6449, 7780, '2551', 5082, 4413, '3812', 2, 1, 2, '1', 'Sandrine King DDS', 'Voiture', 'oui', NULL, NULL, '2019-11-19 15:53:45', '2019-11-19 15:53:45'),
	(2330, 'ADT]]-8332', 4, '41022 Smitham Viaduct Suite 599\nPort Johannafort, MI 88133', 6828, 2668, '8736', 5347, 7814, '8611', 2, 1, 2, '8', 'Dr. Waino Conroy PhD', 'Voiture', 'oui', NULL, NULL, '2019-11-19 15:53:45', '2019-11-19 15:53:45'),
	(2331, 'QKE-3512', 4, '380 Korey Station\nTrantowville, LA 73940', 6852, 3374, '3000', 4022, 1188, '2479', 2, 1, 2, '4', 'Dana Olson', 'Voiture', 'oui', NULL, NULL, '2019-11-19 15:53:45', '2019-11-19 15:53:45'),
	(2332, 'HUG]]-1695', 4, '381 Alvera Course\nNew Hellen, OR 58665', 7626, 7728, '3426', 8530, 6909, '4445', 2, 1, 2, '8', 'Dolores Turner', 'Voiture', 'oui', NULL, NULL, '2019-11-19 15:53:45', '2019-11-19 15:53:45'),
	(2333, 'SLR]]]-7315', 4, '48440 Eileen Glens\nKosschester, ND 03487', 1021, 5665, '5858', 8907, 2877, '8296', 2, 1, 2, '9', 'Verda Donnelly', 'Voiture', 'oui', NULL, NULL, '2019-11-19 15:53:45', '2019-11-19 15:53:45'),
	(2334, 'MLH-3525', 4, '738 Kelsi Wells\nPort Estastad, RI 73092-9012', 6825, 7649, '6313', 4032, 7938, '4140', 2, 1, 2, '2', 'Leland Gibson', 'Voiture', 'oui', NULL, NULL, '2019-11-19 15:53:45', '2019-11-19 15:53:45'),
	(2335, 'PIQ-5328', 4, '632 Frederic Well Suite 967\nGregtown, FL 37083-7815', 4825, 6779, '5164', 6502, 7724, '4859', 2, 1, 2, '3', 'Leila Beatty', 'Voiture', 'oui', NULL, NULL, '2019-11-19 15:53:45', '2019-11-19 15:53:45'),
	(2336, 'BKX]]]]]-6541', 4, '4316 Jayson Bypass Suite 857\nNew Thora, CO 68019-4855', 2904, 5446, '5755', 3386, 2684, '5101', 2, 1, 2, '1', 'Leif Batz', 'Voiture', 'oui', NULL, NULL, '2019-11-19 15:53:45', '2019-11-19 15:53:45'),
	(2337, 'EDY]-3652', 4, '8155 Jacquelyn Wall Suite 484\nWest Janiyabury, MO 86956', 2267, 5883, '5903', 2219, 4488, '8091', 2, 1, 2, '2', 'Miss Pinkie Schamberger MD', 'Voiture', 'oui', NULL, NULL, '2019-11-19 15:53:45', '2019-11-19 15:53:45'),
	(2338, 'LZJ]]]-6538', 4, '773 Charlene Inlet Suite 343\nEast Bryana, OH 65211', 4208, 7070, '5347', 3950, 4479, '4022', 2, 1, 2, '3', 'Abbey Heller', 'Voiture', 'oui', NULL, NULL, '2019-11-19 15:53:45', '2019-11-19 15:53:45'),
	(2339, 'SZU]]-4297', 4, '49985 Darby Walks\nOvaberg, HI 87997-9109', 8831, 8457, '5512', 3288, 7388, '3473', 2, 1, 2, '4', 'Jordane Ankunding', 'Voiture', 'oui', NULL, NULL, '2019-11-19 15:53:45', '2019-11-19 15:53:45'),
	(2340, 'NMM]]-8974', 4, '95641 Winfield Overpass Suite 931\nLake Anitafort, WV 73240', 5628, 6185, '1474', 4384, 2449, '4479', 2, 1, 2, '9', 'Allie Lind II', 'Voiture', 'oui', NULL, NULL, '2019-11-19 15:53:45', '2019-11-19 15:53:45'),
	(2341, 'CPK]-0861', 4, '641 Fay Prairie Apt. 978\nNorth Evelyn, OK 29847', 3339, 3365, '3242', 3706, 5737, '5555', 2, 1, 2, '4', 'Dr. Leda Auer', 'Voiture', 'oui', NULL, NULL, '2019-11-19 15:53:45', '2019-11-19 15:53:45'),
	(2342, 'OHB]]]-6535', 4, '93836 Langosh Crossing Apt. 393\nBobbystad, MN 52277-2596', 6433, 5124, '6794', 3492, 7345, '6966', 2, 1, 2, '8', 'Candido Fritsch', 'Voiture', 'oui', NULL, NULL, '2019-11-19 15:53:45', '2019-11-19 15:53:45'),
	(2343, 'PAN-8853', 4, '846 Lottie Brook\nLake Markus, MI 52724', 2311, 5599, '3802', 1404, 6040, '5807', 2, 1, 2, '2', 'Miss Clementine Friesen Jr.', 'Voiture', 'oui', NULL, NULL, '2019-11-19 15:53:45', '2019-11-19 15:53:45'),
	(2344, 'UPP-9409', 4, '9930 Terry Tunnel\nCaitlynfurt, MS 87540-0128', 8180, 7224, '8160', 5878, 6896, '6993', 2, 1, 2, '1', 'Mr. Candelario Schowalter', 'Voiture', 'oui', NULL, NULL, '2019-11-19 15:53:45', '2019-11-19 15:53:45'),
	(2345, 'EYA]]]-7110', 4, '2383 Janiya Throughway\nWest Leonora, NV 90071-8145', 2455, 8234, '1685', 2909, 6216, '4446', 2, 1, 2, '1', 'Nat Dicki', 'Voiture', 'oui', NULL, NULL, '2019-11-19 15:53:45', '2019-11-19 15:53:45'),
	(2346, 'OHB]]]]]]]-2972', 4, '7330 Hirthe Skyway\nSchimmelhaven, IA 30110', 6615, 4796, '3039', 3260, 2819, '4661', 2, 1, 2, '0', 'Victor McKenzie Jr.', 'Voiture', 'oui', NULL, NULL, '2019-11-19 15:53:45', '2019-11-19 15:53:45'),
	(2347, 'AIM]]]]]-4650', 4, '2854 Dessie Row\nEast Madie, AK 96907-6888', 5788, 8341, '2294', 1360, 8293, '1197', 2, 1, 2, '2', 'Isabelle Schowalter', 'Voiture', 'oui', NULL, NULL, '2019-11-19 15:53:45', '2019-11-19 15:53:45'),
	(2348, 'ALQ]]]]-0354', 4, '70701 Ledner Corners\nShanelmouth, SC 89257-1884', 1960, 8227, '8287', 7004, 2276, '8955', 2, 1, 2, '9', 'Miss Stephanie Schmidt', 'Voiture', 'oui', NULL, NULL, '2019-11-19 15:53:45', '2019-11-19 15:53:45'),
	(2349, 'PFN-1764', 4, '414 Hodkiewicz Crossing\nPascalehaven, MS 18088-6421', 4694, 6202, '4471', 7033, 4277, '4149', 2, 1, 2, '3', 'Korey Harvey', 'Voiture', 'oui', NULL, NULL, '2019-11-19 15:53:45', '2019-11-19 15:53:45'),
	(2350, 'MGT-9892', 4, '7843 O\'Hara Harbor\nNew Timothymouth, AK 68757', 3316, 2306, '5053', 6291, 7332, '4835', 2, 1, 2, '2', 'Miss Hettie Williamson Sr.', 'Voiture', 'oui', NULL, NULL, '2019-11-19 15:53:45', '2019-11-19 15:53:45'),
	(2351, 'INL]]]-5419', 4, '147 Jammie Drive Suite 710\nRempelbury, KS 50414-1257', 1121, 1513, '3929', 7446, 4523, '6535', 2, 1, 2, '8', 'Beatrice Kuhn', 'Voiture', 'oui', NULL, NULL, '2019-11-19 15:53:45', '2019-11-19 15:53:45'),
	(2352, 'ICC]]]]]]-4711', 4, '602 Konopelski Street Suite 710\nHavenfort, MI 96864', 1150, 7200, '4127', 2782, 5814, '3440', 2, 1, 2, '8', 'Fiona Bednar', 'Voiture', 'oui', NULL, NULL, '2019-11-19 15:53:45', '2019-11-19 15:53:45'),
	(2353, 'OFT-0094', 4, '215 Beahan Centers Suite 478\nPort Vidaview, WI 99009-6980', 4166, 5815, '7919', 5339, 1560, '5156', 2, 1, 2, '9', 'Hazle Reichel', 'Voiture', 'oui', NULL, NULL, '2019-11-19 15:53:45', '2019-11-19 15:53:45'),
	(2354, 'SZN-5663', 4, '761 Gislason Unions Apt. 684\nKatelynmouth, MS 12223-6380', 3744, 3609, '8410', 4926, 6998, '4063', 2, 1, 2, '7', 'Dr. Kaley Kuhic I', 'Voiture', 'oui', NULL, NULL, '2019-11-19 15:53:45', '2019-11-19 15:53:45'),
	(2355, 'WGH-0804', 4, '554 Sauer Mount Suite 472\nMannborough, DC 79398-8280', 2883, 5617, '5010', 7315, 8807, '6458', 2, 1, 2, '2', 'Junior Dickinson', 'Voiture', 'oui', NULL, NULL, '2019-11-19 15:53:45', '2019-11-19 15:53:45'),
	(2356, 'KXB-6445', 4, '9386 Lemke Lodge Apt. 540\nSwaniawskiview, TX 02145', 5312, 1543, '6841', 2211, 8719, '7311', 2, 1, 2, '2', 'Kiel Fisher', 'Voiture', 'oui', NULL, NULL, '2019-11-19 15:53:45', '2019-11-19 15:53:45'),
	(2357, 'ALL]-1432', 4, '2099 Bernie Parkway Suite 087\nRasheedview, NV 46588-6831', 4957, 5291, '4220', 6201, 4173, '3706', 2, 1, 2, '1', 'Mr. Bennie Schneider IV', 'Voiture', 'oui', NULL, NULL, '2019-11-19 15:53:45', '2019-11-19 15:53:45'),
	(2358, 'USS-2904', 4, '370 Botsford Streets\nDimitriberg, SD 76393-1383', 2917, 7815, '7828', 6443, 1238, '6964', 2, 1, 2, '0', 'Destini Trantow', 'Voiture', 'oui', NULL, NULL, '2019-11-19 15:53:45', '2019-11-19 15:53:45'),
	(2359, 'UVN]]-2872', 4, '780 Wisoky Terrace\nRosettafort, NC 36180', 7472, 1672, '2923', 1541, 4335, '2907', 2, 1, 2, '1', 'Jadyn Zemlak III', 'Voiture', 'oui', NULL, NULL, '2019-11-19 15:53:45', '2019-11-19 15:53:45'),
	(2360, 'QQP-4402', 4, '40829 Casper Manor Apt. 831\nLake Emilyburgh, NJ 79621-4398', 5269, 2165, '7213', 1422, 1058, '7736', 2, 1, 2, '8', 'Prof. Joseph Kiehn', 'Voiture', 'oui', NULL, NULL, '2019-11-19 15:53:45', '2019-11-19 15:53:45'),
	(2361, 'NHE-2075', 4, '681 Glover Trail Apt. 120\nPacochafurt, TN 20241', 1756, 6012, '8643', 7761, 7797, '8860', 2, 1, 2, '4', 'Randall Schulist MD', 'Voiture', 'oui', NULL, NULL, '2019-11-19 15:53:45', '2019-11-19 15:53:45'),
	(2362, 'AUF-3442', 4, '84224 Shanahan Lakes Suite 671\nEast Daphney, PA 53488', 3203, 7184, '6835', 3825, 7497, '2598', 2, 1, 2, '1', 'Blanca Klocko', 'Voiture', 'oui', NULL, NULL, '2019-11-19 15:53:45', '2019-11-19 15:53:45'),
	(2363, 'LYJ]]]]]]-1531', 4, '910 Beverly Walk\nKlockoland, HI 10616-4706', 3547, 2151, '7407', 2351, 2764, '1935', 2, 1, 2, '5', 'Ericka Miller IV', 'Voiture', 'oui', NULL, NULL, '2019-11-19 15:53:45', '2019-11-19 15:53:45'),
	(2364, 'IHZ]]]-6075', 4, '320 Jaqueline Drives\nLake Armanifort, TX 10495-5690', 3161, 3224, '8087', 6431, 8683, '3643', 2, 1, 2, '8', 'Mr. Dell Daugherty V', 'Voiture', 'oui', NULL, NULL, '2019-11-19 15:53:45', '2019-11-19 15:53:45'),
	(2365, 'NUF]]-5693', 4, '7054 Upton Plains Suite 004\nBarrowsville, AL 47160-0057', 1816, 8106, '6066', 7126, 2988, '1354', 2, 1, 2, '2', 'Mr. Buddy Monahan', 'Voiture', 'oui', NULL, NULL, '2019-11-19 15:53:45', '2019-11-19 15:53:45'),
	(2366, 'YRG-5262', 4, '82927 O\'Conner Trail Apt. 966\nNorth Aliyaport, AR 35811', 2595, 5178, '4871', 3836, 1797, '7196', 2, 1, 2, '1', 'Ignatius Sawayn', 'Voiture', 'oui', NULL, NULL, '2019-11-19 15:53:45', '2019-11-19 15:53:45'),
	(2367, 'VMS]-0944', 4, '17235 Annetta Centers\nSouth Kennith, WY 07031', 1039, 5772, '5940', 1275, 5403, '8849', 2, 1, 2, '6', 'Ernesto O\'Kon', 'Voiture', 'oui', NULL, NULL, '2019-11-19 15:53:45', '2019-11-19 15:53:45'),
	(2368, 'OIH]]]]]-5836', 4, '4491 Zoey Avenue\nSarinamouth, IA 12301', 1149, 3098, '4897', 5500, 8092, '2785', 2, 1, 2, '1', 'Alberta Fadel', 'Voiture', 'oui', NULL, NULL, '2019-11-19 15:53:45', '2019-11-19 15:53:45'),
	(2369, 'BBQ]]]]]]-1121', 4, '57278 Christophe Park\nYundtton, TX 27190-8906', 4696, 7565, '7863', 5595, 7819, '4741', 2, 1, 2, '3', 'Mr. Allan Rau DVM', 'Voiture', 'oui', NULL, NULL, '2019-11-19 15:53:45', '2019-11-19 15:53:45'),
	(2370, 'LDS-2735', 4, '15153 Hazel Square\nKarinaberg, RI 38704-7633', 5132, 4131, '5332', 3415, 6365, '2050', 2, 1, 2, '5', 'Sabrina Larson IV', 'Voiture', 'oui', NULL, NULL, '2019-11-19 15:53:45', '2019-11-19 15:53:45'),
	(2371, 'TNZ-7960', 4, '38779 Blake Flat Apt. 291\nKochburgh, CT 12027', 6358, 7232, '2520', 2993, 7136, '2128', 2, 1, 2, '9', 'Dr. Zoila Schimmel', 'Voiture', 'oui', NULL, NULL, '2019-11-19 15:53:45', '2019-11-19 15:53:45'),
	(2372, 'YTS]-0041', 4, '959 Champlin Key\nSouth Adamburgh, WV 78387-0555', 8967, 8823, '1410', 2638, 6875, '8823', 2, 1, 2, '2', 'Prof. Novella Collier', 'Voiture', 'oui', NULL, NULL, '2019-11-19 15:53:45', '2019-11-19 15:53:45'),
	(2373, 'IRP]]-8128', 4, '2551 King Parkways\nJohathanside, AR 51959', 6370, 7829, '4597', 8995, 8090, '5197', 2, 1, 2, '0', 'Mozell Haley', 'Voiture', 'oui', NULL, NULL, '2019-11-19 15:53:45', '2019-11-19 15:53:45'),
	(2374, 'JGJ-3423', 4, '553 Lakin Rapids\nWest Haylie, AZ 47470-3450', 3505, 7517, '6289', 5255, 2613, '1293', 2, 1, 2, '0', 'Winona Murphy', 'Voiture', 'oui', NULL, NULL, '2019-11-19 15:53:45', '2019-11-19 15:53:45'),
	(2375, 'ZII-2533', 4, '32407 Breitenberg Hollow Apt. 677\nPort Ronnyland, NH 35248-4241', 6564, 2327, '1551', 1027, 6302, '3704', 2, 1, 2, '3', 'Adaline Altenwerth', 'Voiture', 'oui', NULL, NULL, '2019-11-19 15:53:45', '2019-11-19 15:53:45'),
	(2376, 'JPA]]-9559', 4, '34998 Champlin Island Apt. 009\nWest Jacey, MS 85402', 7702, 1124, '6482', 8309, 2592, '1243', 2, 1, 2, '0', 'Madelyn Bartell DVM', 'Voiture', 'oui', NULL, NULL, '2019-11-19 15:53:45', '2019-11-19 15:53:45'),
	(2377, 'BOQ-6310', 4, '306 Ardella Locks Suite 589\nNoeliachester, UT 00713', 7738, 1675, '5022', 1183, 7441, '4085', 2, 1, 2, '5', 'Prof. Camron Dibbert IV', 'Voiture', 'oui', NULL, NULL, '2019-11-19 15:53:45', '2019-11-19 15:53:45'),
	(2378, 'TSD]]]]]-0304', 4, '19021 Lubowitz Ferry Apt. 368\nEmmafurt, AK 65953-4149', 7478, 4735, '7626', 3583, 1785, '3828', 2, 1, 2, '2', 'Prof. Lottie Koepp III', 'Voiture', 'oui', NULL, NULL, '2019-11-19 15:53:45', '2019-11-19 15:53:45'),
	(2379, 'VOO]-4505', 4, '118 Yadira Well Suite 635\nGeorgianamouth, SD 01453-3267', 1684, 5345, '6554', 2497, 2600, '7356', 2, 1, 2, '8', 'Kristin Jones', 'Voiture', 'oui', NULL, NULL, '2019-11-19 15:53:45', '2019-11-19 15:53:45'),
	(2380, 'UOO]-3940', 4, '741 Stanton Gateway\nRobertsburgh, KY 64292', 8859, 8397, '3966', 4590, 6390, '5590', 2, 1, 2, '6', 'Mr. Lamar Effertz', 'Voiture', 'oui', NULL, NULL, '2019-11-19 15:53:45', '2019-11-19 15:53:45'),
	(2381, 'FWC-1750', 4, '11059 Hackett Flats\nNew Vernice, NM 69719', 4461, 5806, '2542', 3250, 2873, '7502', 2, 1, 2, '1', 'Mr. Kirk Torp', 'Voiture', 'oui', NULL, NULL, '2019-11-19 15:53:45', '2019-11-19 15:53:45'),
	(2382, 'CTP-1960', 4, '5645 Celine Lake Apt. 259\nOcieton, IN 39042-9583', 4202, 8920, '6885', 1549, 8168, '2257', 2, 1, 2, '5', 'Mrs. Lavada Thompson II', 'Voiture', 'oui', NULL, NULL, '2019-11-19 15:53:45', '2019-11-19 15:53:45'),
	(2383, 'ZLZ-9508', 4, '203 Crona Row\nNorth Kristinchester, NC 97535', 3061, 2262, '1813', 8367, 5836, '6380', 2, 1, 2, '0', 'Weldon Lockman', 'Voiture', 'oui', NULL, NULL, '2019-11-19 15:53:45', '2019-11-19 15:53:45'),
	(2384, 'VYO-8250', 4, '571 Stokes Mountain Suite 925\nAnkundington, WV 82564', 1383, 1410, '5344', 2229, 7667, '5926', 2, 1, 2, '3', 'Jacky Greenfelder', 'Voiture', 'oui', NULL, NULL, '2019-11-19 15:53:45', '2019-11-19 15:53:45'),
	(2385, 'WAW]]-3436', 4, '392 Harmon Camp\nLake Destineemouth, TX 21171-9652', 6292, 2159, '6094', 4525, 8596, '3732', 2, 1, 2, '6', 'Mr. Saige Swaniawski III', 'Voiture', 'oui', NULL, NULL, '2019-11-19 15:53:45', '2019-11-19 15:53:45'),
	(2386, 'HAU]-7821', 4, '23617 Shanna Falls\nAlexieburgh, AL 87670', 5368, 1530, '1068', 5667, 7410, '2610', 2, 1, 2, '7', 'Dr. Morgan Carroll', 'Voiture', 'oui', NULL, NULL, '2019-11-19 15:53:45', '2019-11-19 15:53:45'),
	(2387, 'LEP]]]]]-2990', 4, '87710 Carlo Stream\nNew Uniqueport, AR 69309', 3326, 7906, '4657', 5472, 3470, '4504', 2, 1, 2, '2', 'Mya Hill', 'Voiture', 'oui', NULL, NULL, '2019-11-19 15:53:45', '2019-11-19 15:53:45'),
	(2388, 'DBA]]]]-6787', 4, '918 Jimmie Corner Apt. 633\nEast Kaitlinville, MO 44906', 3275, 7035, '3088', 3786, 6791, '8469', 2, 1, 2, '9', 'Brendan Hodkiewicz', 'Voiture', 'oui', NULL, NULL, '2019-11-19 15:53:45', '2019-11-19 15:53:45'),
	(2389, 'NBB-0319', 4, '2248 Onie Canyon Apt. 750\nNorth Rogers, AK 57546-2655', 7304, 8536, '7006', 5159, 7699, '8500', 2, 1, 2, '8', 'Kristin Haag', 'Voiture', 'oui', NULL, NULL, '2019-11-19 15:53:45', '2019-11-19 15:53:45'),
	(2390, 'DGS]]]]]]]-8185', 4, '346 Drake Walk\nWest Mortonmouth, WI 27626', 2186, 2194, '1384', 5981, 5523, '4266', 2, 1, 2, '6', 'Julio White PhD', 'Voiture', 'oui', NULL, NULL, '2019-11-19 15:53:45', '2019-11-19 15:53:45'),
	(2391, 'FBE-9627', 4, '3234 Corrine Common\nHeaneyhaven, MO 97574-6276', 1221, 5486, '8992', 6802, 1558, '2849', 2, 1, 2, '1', 'Ethyl Kuhn', 'Voiture', 'oui', NULL, NULL, '2019-11-19 15:53:45', '2019-11-19 15:53:45'),
	(2392, 'CHV]]-4539', 4, '90208 Mack Trace Apt. 208\nMadelynnton, NM 58972', 7387, 4358, '2185', 5423, 7526, '1195', 2, 1, 2, '8', 'Ana Nitzsche', 'Voiture', 'oui', NULL, NULL, '2019-11-19 15:53:45', '2019-11-19 15:53:45'),
	(2393, 'XGZ]]]]]]-9742', 4, '33313 Kade Islands\nLake Casper, PA 64773-1870', 1936, 2408, '4029', 3098, 8605, '5352', 2, 1, 2, '3', 'Constantin Cummings V', 'Voiture', 'oui', NULL, NULL, '2019-11-19 15:53:45', '2019-11-19 15:53:45'),
	(2394, 'JEP]]-3022', 4, '5775 Robel Garden Apt. 131\nNew Damarismouth, NC 60897', 4044, 1637, '7805', 7582, 7583, '7270', 2, 1, 2, '9', 'Ansley McGlynn', 'Voiture', 'oui', NULL, NULL, '2019-11-19 15:53:45', '2019-11-19 15:53:45'),
	(2395, 'SGM]]-7391', 4, '22022 Bogisich Extension Suite 081\nParkershire, FL 21454', 7981, 1261, '5846', 7695, 2187, '2788', 2, 1, 2, '0', 'Domenica Lubowitz', 'Voiture', 'oui', NULL, NULL, '2019-11-19 15:53:45', '2019-11-19 15:53:45'),
	(2396, 'QTJ]]-1370', 4, '11045 Swaniawski Stream\nNew Drake, RI 66743', 6327, 5126, '8362', 2952, 7840, '1675', 2, 1, 2, '7', 'Katelin Nader', 'Voiture', 'oui', NULL, NULL, '2019-11-19 15:53:45', '2019-11-19 15:53:45'),
	(2397, 'RXL]]]]-9731', 4, '648 Graham Parkways Apt. 365\nJaunitaton, NE 71249-2835', 2066, 5129, '3053', 8799, 8714, '4819', 2, 1, 2, '0', 'Jett Stamm', 'Voiture', 'oui', NULL, NULL, '2019-11-19 15:53:45', '2019-11-19 15:53:45'),
	(2398, 'OYT-2316', 4, '56682 Grimes Forest\nNorth Shania, IL 72753-2565', 8038, 3727, '8243', 2266, 8456, '7423', 2, 1, 2, '1', 'Joel Green', 'Voiture', 'oui', NULL, NULL, '2019-11-19 15:53:45', '2019-11-19 15:53:45'),
	(2399, 'CAP]]]]]]-8334', 4, '841 Rosalia Views\nMedhurstberg, DE 89689', 3372, 8979, '2174', 5722, 2290, '8241', 2, 1, 2, '9', 'Kelton Klocko', 'Voiture', 'oui', NULL, NULL, '2019-11-19 15:53:45', '2019-11-19 15:53:45'),
	(2400, 'EXM]]-7701', 4, '335 Spencer Course\nEast Keshawn, SD 65882-8060', 4506, 5792, '7701', 2671, 6032, '7984', 2, 1, 2, '7', 'Prof. Jade Rohan III', 'Voiture', 'oui', NULL, NULL, '2019-11-19 15:53:45', '2019-11-19 15:53:45'),
	(2401, 'LWJ-1823', 4, '1531 Mariela Circle Suite 533\nLake Fern, SD 54106', 7360, 6077, '4431', 4272, 5732, '6819', 2, 1, 2, '3', 'Shanna Beahan', 'Voiture', 'oui', NULL, NULL, '2019-11-19 15:53:45', '2019-11-19 15:53:45'),
	(2402, 'WUD]-9298', 4, '8617 Dandre Stream Suite 114\nStarkmouth, AK 71110-2328', 6116, 3239, '3563', 1623, 4479, '1276', 2, 1, 2, '0', 'Miss Ocie Schoen MD', 'Voiture', 'oui', NULL, NULL, '2019-11-19 15:53:45', '2019-11-19 15:53:45'),
	(2403, 'ESJ-1954', 4, '616 Kory Rue\nStokesmouth, MD 39432-4849', 6609, 1969, '8300', 1766, 2304, '7157', 2, 1, 2, '5', 'Lucinda Schuppe', 'Voiture', 'oui', NULL, NULL, '2019-11-19 15:53:45', '2019-11-19 15:53:45'),
	(2404, 'XWO-7631', 4, '4719 Pat Flat Apt. 225\nMckennaville, MI 60244', 2920, 8484, '4792', 7260, 2817, '6053', 2, 1, 2, '2', 'Dr. Helene Schroeder IV', 'Voiture', 'oui', NULL, NULL, '2019-11-19 15:53:45', '2019-11-19 15:53:45'),
	(2405, 'ESP-1138', 4, '50897 Predovic Roads\nNorth Garrison, TX 36519', 2272, 5417, '2269', 3595, 7291, '3807', 2, 1, 2, '5', 'Sigmund Lemke', 'Voiture', 'oui', NULL, NULL, '2019-11-19 15:53:45', '2019-11-19 15:53:45'),
	(2406, 'ZYU]-8585', 4, '16652 Jamey Mall\nBatzbury, AK 64045', 6635, 4964, '2371', 2172, 8289, '5684', 2, 1, 2, '2', 'Mrs. Zula Schuster IV', 'Voiture', 'oui', NULL, NULL, '2019-11-19 15:53:45', '2019-11-19 15:53:45'),
	(2407, 'NCZ-9629', 4, '9849 Kessler Drive Suite 720\nAbbottchester, VA 55933', 2043, 7807, '5596', 3611, 2720, '3877', 2, 1, 2, '7', 'Jonatan Feeney', 'Voiture', 'oui', NULL, NULL, '2019-11-19 15:53:45', '2019-11-19 15:53:45'),
	(2408, 'HJX]]]]-7527', 4, '688 Grace Inlet\nEast Chelsieberg, RI 46029-7415', 2169, 4153, '8030', 2602, 2913, '4849', 2, 1, 2, '8', 'Prof. Leland Marks II', 'Voiture', 'oui', NULL, NULL, '2019-11-19 15:53:45', '2019-11-19 15:53:45'),
	(2409, 'SAO]]]]-5257', 4, '2036 Hilpert Ridges Apt. 526\nWest Antonia, FL 86483', 2919, 8045, '2084', 6488, 4749, '7646', 2, 1, 2, '6', 'Mustafa McDermott I', 'Voiture', 'oui', NULL, NULL, '2019-11-19 15:53:45', '2019-11-19 15:53:45'),
	(2410, 'MJE]-3474', 4, '8573 Blick Mews\nMillsview, ME 04747-8915', 5424, 5718, '2523', 6657, 8157, '7412', 2, 1, 2, '7', 'Dr. Rudy Mohr', 'Voiture', 'oui', NULL, NULL, '2019-11-19 15:53:45', '2019-11-19 15:53:45'),
	(2411, 'UZO]]]-8497', 4, '217 Harvey Cliffs Suite 918\nLake Leonardshire, NM 43858', 5254, 5752, '1414', 3928, 7608, '5197', 2, 1, 2, '4', 'Antonette Bradtke', 'Voiture', 'oui', NULL, NULL, '2019-11-19 15:53:45', '2019-11-19 15:53:45'),
	(2412, 'MKM]-7702', 4, '6071 Schamberger Street Apt. 948\nLake Rosemarymouth, FL 38694', 2737, 8282, '2016', 8538, 3844, '4612', 2, 1, 2, '1', 'Kaylee Christiansen', 'Voiture', 'oui', NULL, NULL, '2019-11-19 15:53:45', '2019-11-19 15:53:45'),
	(2413, 'ESG]]]]]-6293', 4, '45488 Isidro Parkway\nAnitatown, LA 63174-6853', 4965, 1126, '8650', 3507, 4066, '4697', 2, 1, 2, '9', 'Fredy Hartmann DDS', 'Voiture', 'oui', NULL, NULL, '2019-11-19 15:53:45', '2019-11-19 15:53:45'),
	(2414, 'UWH]-8185', 4, '48671 Leda Glen Apt. 515\nPort Dangelo, CO 90931-9909', 7038, 2631, '5978', 4587, 8683, '1389', 2, 1, 2, '0', 'Bernadette Torphy', 'Voiture', 'oui', NULL, NULL, '2019-11-19 15:53:45', '2019-11-19 15:53:45'),
	(2415, 'LXA-0493', 4, '538 McCullough Lock\nPort Sheldon, VT 32718', 6449, 8789, '4616', 7635, 5118, '7853', 2, 1, 2, '8', 'Libby D\'Amore', 'Voiture', 'oui', NULL, NULL, '2019-11-19 15:53:45', '2019-11-19 15:53:45'),
	(2416, 'HYW]-7035', 4, '86737 Kutch Shoals\nAlizatown, CA 04225', 1606, 1401, '4897', 1514, 3605, '7325', 2, 1, 2, '6', 'Ms. Emmalee Reynolds DDS', 'Voiture', 'oui', NULL, NULL, '2019-11-19 15:53:45', '2019-11-19 15:53:45'),
	(2417, 'LTN-9165', 4, '45251 Hand Fork\nJoeside, VT 65224', 2680, 3710, '8598', 1186, 2686, '5536', 2, 1, 2, '2', 'Karianne VonRueden', 'Voiture', 'oui', NULL, NULL, '2019-11-19 15:53:45', '2019-11-19 15:53:45'),
	(2418, 'HML]]]-9095', 4, '56015 Barton Points\nNew Bernardo, LA 45511-5949', 5865, 6376, '7599', 7129, 2637, '5253', 2, 1, 2, '6', 'Emelia O\'Keefe', 'Voiture', 'oui', NULL, NULL, '2019-11-19 15:53:45', '2019-11-19 15:53:45'),
	(2419, 'OAL]]-9186', 4, '67755 Dorothea Circle Suite 834\nNew Manuelastad, MO 90766-2647', 6186, 7679, '4353', 1794, 8992, '4847', 2, 1, 2, '8', 'Name Monahan', 'Voiture', 'oui', NULL, NULL, '2019-11-19 15:53:45', '2019-11-19 15:53:45'),
	(2420, 'EAF]]]-4547', 4, '93354 Powlowski Square Apt. 645\nBeerport, MN 55021-7787', 7018, 5136, '3668', 7396, 7176, '2449', 2, 1, 2, '8', 'Onie Langosh Jr.', 'Voiture', 'oui', NULL, NULL, '2019-11-19 15:53:45', '2019-11-19 15:53:45'),
	(2421, 'AIZ]]-8979', 4, '49478 Harvey Street Apt. 980\nEast Alanis, SC 59641', 8027, 8100, '4913', 2995, 3107, '8117', 2, 1, 2, '6', 'Anahi Von', 'Voiture', 'oui', NULL, NULL, '2019-11-19 15:53:45', '2019-11-19 15:53:45'),
	(2422, 'KHA-8812', 4, '7965 Rogahn Canyon Suite 577\nProhaskachester, TX 08286', 5539, 3547, '1642', 5067, 3483, '2798', 2, 1, 2, '7', 'Mr. Chaz Metz II', 'Voiture', 'oui', NULL, NULL, '2019-11-19 15:53:45', '2019-11-19 15:53:45'),
	(2423, 'XSH-3336', 4, '1067 Clemmie Cove Apt. 164\nThompsonview, CO 23646', 4932, 6386, '6001', 7453, 4906, '6760', 2, 1, 2, '7', 'Keith Stokes', 'Voiture', 'oui', NULL, NULL, '2019-11-19 15:53:45', '2019-11-19 15:53:45'),
	(2424, 'QYS]]-7448', 4, '749 Mraz Burg\nNorth Nora, CA 32209-7282', 8235, 3150, '8248', 5037, 2620, '3455', 2, 1, 2, '5', 'Gideon Gusikowski', 'Voiture', 'oui', NULL, NULL, '2019-11-19 15:53:45', '2019-11-19 15:53:45'),
	(2425, 'KZR]]]]]-2099', 4, '9108 Sandy Cove\nLinneahaven, FL 20210', 6960, 8752, '1211', 1241, 2556, '7266', 2, 1, 2, '9', 'Lowell Hand Jr.', 'Voiture', 'oui', NULL, NULL, '2019-11-19 15:53:45', '2019-11-19 15:53:45'),
	(2426, 'ZCH]]]-7750', 4, '979 Roob Island Apt. 248\nFloydhaven, OK 27758', 5763, 2688, '8719', 2603, 5612, '4455', 2, 1, 2, '2', 'Miss Cecelia Renner', 'Voiture', 'oui', NULL, NULL, '2019-11-19 15:53:45', '2019-11-19 15:53:45'),
	(2427, 'ESV-2832', 4, '1740 Kertzmann Forks\nBertside, NC 99891-1286', 7682, 3651, '6345', 4550, 6151, '1429', 2, 1, 2, '6', 'Elena Haley', 'Voiture', 'oui', NULL, NULL, '2019-11-19 15:53:45', '2019-11-19 15:53:45'),
	(2428, 'ROD]]]]-8976', 4, '967 Schimmel Tunnel Suite 956\nKrajcikville, IN 05179', 4844, 4356, '7054', 3616, 8753, '8580', 2, 1, 2, '2', 'Mr. Dillon Grady', 'Voiture', 'oui', NULL, NULL, '2019-11-19 15:53:45', '2019-11-19 15:53:45'),
	(2429, 'GJK]-1077', 4, '57400 Wava Springs Suite 993\nTeresastad, NH 26908-7727', 4365, 6996, '7938', 7507, 5434, '4564', 2, 1, 2, '6', 'Scottie Stanton', 'Voiture', 'oui', NULL, NULL, '2019-11-19 15:53:45', '2019-11-19 15:53:45'),
	(2430, 'POL]-6851', 4, '31408 Christ Mountains\nEast Alexandra, TN 71675-6286', 1041, 4625, '8563', 3198, 4729, '3120', 2, 1, 2, '3', 'Guillermo Kris', 'Voiture', 'oui', NULL, NULL, '2019-11-19 15:53:45', '2019-11-19 15:53:45'),
	(2431, 'LGP]]-4052', 4, '7730 Karl Island Apt. 736\nLake Maureenview, AL 93727-2013', 7389, 8446, '8096', 5792, 5383, '3912', 2, 1, 2, '3', 'Jesus Daniel', 'Voiture', 'oui', NULL, NULL, '2019-11-19 15:53:45', '2019-11-19 15:53:45'),
	(2432, 'ZKF]]-2376', 4, '30859 Lacey Ramp\nNorth Rosalyn, AZ 53507', 2312, 4389, '5540', 8813, 5288, '3990', 2, 1, 2, '7', 'Jeffry Steuber', 'Voiture', 'oui', NULL, NULL, '2019-11-19 15:53:45', '2019-11-19 15:53:45'),
	(2433, 'TIU-7085', 4, '694 Taryn Gateway\nEast Elnashire, WV 91251', 4589, 2017, '7935', 5232, 4705, '5280', 2, 1, 2, '0', 'Litzy Wilderman', 'Voiture', 'oui', NULL, NULL, '2019-11-19 15:53:45', '2019-11-19 15:53:45'),
	(2434, 'WKV]]]]]]]-3781', 4, '191 Yadira Unions Apt. 573\nWunschville, WA 27400', 4152, 8189, '5024', 5084, 2269, '8723', 2, 1, 2, '2', 'Mr. Philip Mueller Jr.', 'Voiture', 'oui', NULL, NULL, '2019-11-19 15:53:45', '2019-11-19 15:53:45'),
	(2435, 'SCU]-0083', 4, '6719 Xavier Lodge Apt. 078\nWest Murphytown, AZ 30275', 6356, 3430, '3858', 1261, 1892, '8094', 2, 1, 2, '6', 'Jalon Lind', 'Voiture', 'oui', NULL, NULL, '2019-11-19 15:53:45', '2019-11-19 15:53:45'),
	(2436, 'CGJ-0042', 4, '487 Bosco Mills Suite 999\nCharleychester, WI 45785-4670', 7365, 2544, '2982', 6841, 7918, '3285', 2, 1, 2, '0', 'Herminia Rau V', 'Voiture', 'oui', NULL, NULL, '2019-11-19 15:53:45', '2019-11-19 15:53:45'),
	(2437, 'MKT]-1090', 4, '185 Reinger Club\nSouth Hortensefort, MO 95441', 2151, 4402, '1386', 3973, 5298, '5564', 2, 1, 2, '5', 'Lloyd Morissette', 'Voiture', 'oui', NULL, NULL, '2019-11-19 15:53:45', '2019-11-19 15:53:45'),
	(2438, 'DID-7818', 4, '9750 Jillian Orchard Suite 080\nLake Ari, GA 80226', 7241, 5852, '6252', 2558, 3682, '6180', 2, 1, 2, '1', 'Savannah Jerde', 'Voiture', 'oui', NULL, NULL, '2019-11-19 15:53:45', '2019-11-19 15:53:45'),
	(2439, 'FMP]-6593', 4, '346 Faye Branch Apt. 850\nPort Layla, TN 56075-4809', 5683, 6221, '4559', 5419, 8473, '6784', 2, 1, 2, '5', 'Norval Hermiston', 'Voiture', 'oui', NULL, NULL, '2019-11-19 15:53:45', '2019-11-19 15:53:45'),
	(2440, 'PND-6003', 4, '49377 Dustin Forges Suite 749\nColumbusshire, IL 52515-7216', 2575, 8018, '7175', 3294, 4535, '2080', 2, 1, 2, '7', 'Carlo Jones', 'Voiture', 'oui', NULL, NULL, '2019-11-19 15:53:45', '2019-11-19 15:53:45'),
	(2441, 'XLT]-0210', 4, '261 Alphonso Shores\nLake Leonor, FL 35200', 3580, 6888, '7929', 1470, 6126, '1660', 2, 1, 2, '0', 'Neha Green', 'Voiture', 'oui', NULL, NULL, '2019-11-19 15:53:45', '2019-11-19 15:53:45'),
	(2442, 'ICL-8768', 4, '1595 Doyle Flats\nHahnmouth, ID 46083-2518', 4692, 4283, '2355', 8515, 4601, '5459', 2, 1, 2, '8', 'Kolby Rohan', 'Voiture', 'oui', NULL, NULL, '2019-11-19 15:53:45', '2019-11-19 15:53:45'),
	(2443, 'AQF]]]]]-2922', 4, '4611 Hackett Valleys Suite 269\nHannahfort, AR 63482-1088', 3930, 2248, '5761', 3227, 6091, '4932', 2, 1, 2, '4', 'Prof. Aubrey Trantow', 'Voiture', 'oui', NULL, NULL, '2019-11-19 15:53:45', '2019-11-19 15:53:45'),
	(2444, 'CMV]]]-2209', 4, '94793 Grant Points\nPort Amosburgh, KY 83034-8027', 2666, 6543, '1055', 8661, 2767, '2287', 2, 1, 2, '5', 'Cordelia Kovacek', 'Voiture', 'oui', NULL, NULL, '2019-11-19 15:53:45', '2019-11-19 15:53:45'),
	(2445, 'VLA]]]-3446', 4, '21731 Avis Summit\nNew Lucindaborough, SD 05044', 6211, 1827, '6680', 3035, 8537, '5970', 2, 1, 2, '7', 'Ms. Dejah Waters III', 'Voiture', 'oui', NULL, NULL, '2019-11-19 15:53:45', '2019-11-19 15:53:45'),
	(2446, 'OEP-9905', 4, '7769 Kelly Underpass\nNew Sarina, VA 32989-0309', 3647, 5618, '4072', 7445, 7980, '2457', 2, 1, 2, '7', 'Thomas Jast', 'Voiture', 'oui', NULL, NULL, '2019-11-19 15:53:45', '2019-11-19 15:53:45'),
	(2447, 'ZCH]-9709', 4, '5999 Bayer Ville\nGunnerchester, NC 37714-4934', 7530, 3075, '5054', 2727, 8043, '4889', 2, 1, 2, '2', 'Missouri Turcotte', 'Voiture', 'oui', NULL, NULL, '2019-11-19 15:53:45', '2019-11-19 15:53:45'),
	(2448, 'MTY-2052', 4, '37752 Serena Drive\nO\'Reillybury, AZ 35455-5521', 2368, 8876, '4383', 3978, 5527, '4513', 2, 1, 2, '3', 'Ms. Whitney Kemmer', 'Voiture', 'oui', NULL, NULL, '2019-11-19 15:53:45', '2019-11-19 15:53:45'),
	(2449, 'IRJ]]-4032', 4, '6271 Daugherty Isle\nNew Vicentefort, OR 36798-2729', 6326, 7032, '6570', 1488, 3970, '1613', 2, 1, 2, '9', 'Earl Spinka DDS', 'Voiture', 'oui', NULL, NULL, '2019-11-19 15:53:45', '2019-11-19 15:53:45'),
	(2450, 'BCJ]-4905', 4, '5594 Cartwright Knolls\nEast Kamryn, NV 99558', 2415, 3224, '7634', 4640, 3599, '4538', 2, 1, 2, '9', 'Prof. Viola Blick PhD', 'Voiture', 'oui', NULL, NULL, '2019-11-19 15:53:45', '2019-11-19 15:53:45'),
	(2451, 'AQP]]]]-1702', 4, '28002 Jeffery Summit Suite 190\nNorth Chelsey, AZ 08043', 1077, 1912, '5338', 6380, 8331, '6079', 2, 1, 2, '4', 'Prof. Jamil Moore Jr.', 'Voiture', 'oui', NULL, NULL, '2019-11-19 15:53:45', '2019-11-19 15:53:45'),
	(2452, 'FBA-5692', 4, '48980 Sauer Trace\nPort Mylesberg, IL 58806-7217', 4329, 1695, '4079', 4787, 1009, '2987', 2, 1, 2, '3', 'Josephine Romaguera', 'Voiture', 'oui', NULL, NULL, '2019-11-19 15:53:45', '2019-11-19 15:53:45'),
	(2453, 'OVV]]]-1089', 4, '98126 Ali Ferry Apt. 181\nPort Antonia, IN 43908-9959', 6091, 2063, '4919', 2178, 8073, '4090', 2, 1, 2, '6', 'Janie Okuneva', 'Voiture', 'oui', NULL, NULL, '2019-11-19 15:53:45', '2019-11-19 15:53:45'),
	(2454, 'KVB]]-2959', 4, '414 Devon Rue Apt. 418\nPort Marshallport, VA 90316', 6442, 7461, '6952', 5713, 2321, '8453', 2, 1, 2, '5', 'Aliza Erdman Sr.', 'Voiture', 'oui', NULL, NULL, '2019-11-19 15:53:45', '2019-11-19 15:53:45'),
	(2455, 'BWN-6786', 4, '52787 Martin Expressway Apt. 465\nLake Kaitlynfurt, TN 29387-4313', 5722, 2401, '1177', 8070, 3395, '7769', 2, 1, 2, '8', 'Pietro Christiansen V', 'Voiture', 'oui', NULL, NULL, '2019-11-19 15:53:45', '2019-11-19 15:53:45'),
	(2456, 'SMC]-7922', 4, '753 McLaughlin Field\nEast Everardotown, NE 36736-1230', 2666, 3485, '4478', 1320, 6824, '1055', 2, 1, 2, '7', 'Tracy Cremin', 'Voiture', 'oui', NULL, NULL, '2019-11-19 15:53:45', '2019-11-19 15:53:45'),
	(2457, 'JVN]]]]-4240', 4, '511 Gerlach Glen\nHomenickmouth, AZ 60424', 1700, 4889, '5592', 4866, 7654, '5275', 2, 1, 2, '7', 'Herminio Haley', 'Voiture', 'oui', NULL, NULL, '2019-11-19 15:53:45', '2019-11-19 15:53:45'),
	(2458, 'WVH]]-4281', 4, '9279 Runolfsdottir Plaza Apt. 155\nHoraceton, IL 07863', 2714, 2677, '4859', 8892, 1220, '6248', 2, 1, 2, '9', 'Antoinette Glover', 'Voiture', 'oui', NULL, NULL, '2019-11-19 15:53:45', '2019-11-19 15:53:45'),
	(2459, 'ETT]]]]]]-1715', 4, '2529 Kuhlman Forge\nKreigerbury, HI 59597', 8954, 8957, '1747', 3043, 1150, '8965', 2, 1, 2, '1', 'Lilyan Lebsack DVM', 'Voiture', 'oui', NULL, NULL, '2019-11-19 15:53:45', '2019-11-19 15:53:45'),
	(2460, 'APA]]-7806', 4, '420 Sierra Mall\nHackettberg, MN 13226', 4530, 7412, '3871', 6441, 7391, '1859', 2, 1, 2, '0', 'Imogene Mosciski', 'Voiture', 'oui', NULL, NULL, '2019-11-19 15:53:45', '2019-11-19 15:53:45'),
	(2461, 'ZYZ-6664', 4, '444 Hamill Stravenue Apt. 739\nJohnsonton, KS 49919', 8395, 3976, '7782', 3860, 1301, '7481', 2, 1, 2, '9', 'Belle Brown', 'Voiture', 'oui', NULL, NULL, '2019-11-19 15:53:45', '2019-11-19 15:53:45'),
	(2462, 'JWN]-5851', 4, '822 Marjory Circles\nNadiahaven, GA 72033-8452', 4851, 5179, '7150', 3587, 5167, '8510', 2, 1, 2, '6', 'Abdiel Bode', 'Voiture', 'oui', NULL, NULL, '2019-11-19 15:53:45', '2019-11-19 15:53:45'),
	(2463, 'QMB]]]-2935', 4, '8213 Maxie Underpass Apt. 858\nDaphneeville, TX 47783-5338', 2319, 1560, '6541', 4276, 8250, '7486', 2, 1, 2, '4', 'Ms. Leilani Sawayn DVM', 'Voiture', 'oui', NULL, NULL, '2019-11-19 15:53:45', '2019-11-19 15:53:45'),
	(2464, 'SBE]-5100', 4, '616 Konopelski Street Apt. 966\nReedport, NH 92562-1769', 7041, 5397, '1629', 1697, 5682, '2948', 2, 1, 2, '3', 'Jessyca Halvorson', 'Voiture', 'oui', NULL, NULL, '2019-11-19 15:53:45', '2019-11-19 15:53:45'),
	(2465, 'LKL-8200', 4, '4839 Harvey Ferry\nNew Candido, NC 19944', 8604, 2505, '8675', 7320, 3592, '8807', 2, 1, 2, '7', 'Mrs. Destiney Goyette', 'Voiture', 'oui', NULL, NULL, '2019-11-19 15:53:45', '2019-11-19 15:53:45'),
	(2466, 'BVH]]]]-6492', 4, '236 O\'Reilly Islands Suite 518\nDaytonshire, AK 81798-6476', 8682, 2355, '1275', 5707, 4730, '2962', 2, 1, 2, '5', 'Dr. Lillian Haley', 'Voiture', 'oui', NULL, NULL, '2019-11-19 15:53:45', '2019-11-19 15:53:45'),
	(2467, 'GRG-2982', 4, '9358 Bode Fords\nSchroederfurt, NM 39361', 1630, 2805, '3696', 2854, 1483, '7291', 2, 1, 2, '2', 'Lexus Flatley', 'Voiture', 'oui', NULL, NULL, '2019-11-19 15:53:45', '2019-11-19 15:53:45'),
	(2468, 'VLQ-5340', 4, '35692 Cummerata Trace Apt. 683\nJovannyville, RI 39615-2960', 2314, 4912, '1908', 3448, 8012, '4751', 2, 1, 2, '3', 'Roselyn Legros III', 'Voiture', 'oui', NULL, NULL, '2019-11-19 15:53:45', '2019-11-19 15:53:45'),
	(2469, 'JWW]]]]]]]]-2706', 4, '81741 Meghan Parkways Suite 275\nGranvilleberg, IL 41091-3059', 7928, 5896, '8256', 1819, 4634, '8960', 2, 1, 2, '1', 'Mr. Bobbie Glover', 'Voiture', 'oui', NULL, NULL, '2019-11-19 15:53:45', '2019-11-19 15:53:45'),
	(2470, 'QCE]]]]]]]]-2225', 4, '6258 Ortiz Isle\nSouth Tyra, GA 97646-2528', 6777, 1479, '4228', 8223, 3525, '8092', 2, 1, 2, '3', 'Brady Mueller', 'Voiture', 'oui', NULL, NULL, '2019-11-19 15:53:45', '2019-11-19 15:53:45'),
	(2471, 'PKJ]-9722', 4, '9600 Elliott Crossing Suite 208\nLake Genoveva, HI 34126-3686', 6834, 4676, '8574', 5746, 6844, '6208', 2, 1, 2, '1', 'Alfonso Runte', 'Voiture', 'oui', NULL, NULL, '2019-11-19 15:53:45', '2019-11-19 15:53:45'),
	(2472, 'KKJ-5026', 4, '3258 Hermiston Oval\nEast Yeseniahaven, RI 11340-1935', 8621, 6716, '7884', 1909, 1345, '3902', 2, 1, 2, '0', 'Prof. Camden Kunze', 'Voiture', 'oui', NULL, NULL, '2019-11-19 15:53:45', '2019-11-19 15:53:45'),
	(2473, 'ZMN]]]]-3297', 4, '324 Lesch Drives\nNorth Savannah, WV 84500', 2145, 4307, '5871', 4085, 1432, '4618', 2, 1, 2, '7', 'Richmond Erdman', 'Voiture', 'oui', NULL, NULL, '2019-11-19 15:53:45', '2019-11-19 15:53:45'),
	(2474, 'KBP-0206', 4, '820 Cole Vista\nEmmerichburgh, TN 25680-3135', 8832, 6821, '8420', 4086, 4126, '7557', 2, 1, 2, '7', 'Esperanza Schamberger I', 'Voiture', 'oui', NULL, NULL, '2019-11-19 15:53:45', '2019-11-19 15:53:45'),
	(2475, 'DAM]-2349', 4, '7700 Rowan Ville\nWest Nyahmouth, CO 27216', 5058, 8494, '3737', 3138, 5509, '8925', 2, 1, 2, '8', 'Jayda Denesik', 'Voiture', 'oui', NULL, NULL, '2019-11-19 15:53:45', '2019-11-19 15:53:45'),
	(2476, 'BMY]-2874', 4, '538 Virgie Islands\nNorth Ciarashire, ND 25633', 2005, 1862, '1288', 1730, 5408, '2063', 2, 1, 2, '6', 'Rosina Zieme', 'Voiture', 'oui', NULL, NULL, '2019-11-19 15:53:45', '2019-11-19 15:53:45'),
	(2477, 'PIM-1729', 4, '75201 Bernhard Lock\nNew Ollieberg, VT 69216', 4594, 1354, '5477', 2846, 7607, '7115', 2, 1, 2, '6', 'Seth Braun MD', 'Voiture', 'oui', NULL, NULL, '2019-11-19 15:53:45', '2019-11-19 15:53:45'),
	(2478, 'CKN]]]]-2533', 4, '838 Berge Island\nBentonburgh, UT 03308', 1616, 8732, '1606', 3220, 7068, '5518', 2, 1, 2, '7', 'Buford Bosco', 'Voiture', 'oui', NULL, NULL, '2019-11-19 15:53:45', '2019-11-19 15:53:45'),
	(2479, 'CPZ]-5517', 4, '80536 Bradtke Way Suite 976\nWest Ebbaberg, ID 74053', 3013, 3007, '6884', 2110, 3027, '8982', 2, 1, 2, '3', 'Mrs. Isabelle McGlynn DDS', 'Voiture', 'oui', NULL, NULL, '2019-11-19 15:53:45', '2019-11-19 15:53:45'),
	(2480, 'DKV]]]]]-8355', 4, '2827 Ondricka Pine\nPort Gregoriaville, SC 16671', 6309, 5702, '2978', 1253, 6088, '6227', 2, 1, 2, '3', 'Mr. Clay Hamill V', 'Voiture', 'oui', NULL, NULL, '2019-11-19 15:53:45', '2019-11-19 15:53:45'),
	(2481, 'CKJ]]]]]-0891', 4, '237 Kub Ramp Suite 804\nBartolettihaven, NH 51996', 5116, 7209, '8455', 3424, 7826, '5520', 2, 1, 2, '8', 'Tabitha Reynolds', 'Voiture', 'oui', NULL, NULL, '2019-11-19 15:53:45', '2019-11-19 15:53:45'),
	(2482, 'ZNU]]]-2438', 4, '2610 Effertz Road Suite 771\nSavanahmouth, NE 02677-2945', 4914, 7208, '4520', 6129, 5768, '5143', 2, 1, 2, '7', 'Miss Elva Zemlak DVM', 'Voiture', 'oui', NULL, NULL, '2019-11-19 15:53:45', '2019-11-19 15:53:45'),
	(2483, 'LSZ]-3876', 4, '15335 Brenda Coves Apt. 555\nNorth Sheaville, MO 19927-9960', 4537, 5065, '7130', 3042, 4510, '8927', 2, 1, 2, '5', 'Oma Altenwerth', 'Voiture', 'oui', NULL, NULL, '2019-11-19 15:53:45', '2019-11-19 15:53:45'),
	(2484, 'LYQ]]-8956', 4, '4119 Gaylord Mountains Apt. 805\nBrainton, WV 07732-8108', 3586, 4460, '3150', 4991, 7857, '5822', 2, 1, 2, '0', 'Gabriella Wuckert', 'Voiture', 'oui', NULL, NULL, '2019-11-19 15:53:45', '2019-11-19 15:53:45'),
	(2485, 'XNO-8266', 4, '3154 Treutel Turnpike Apt. 054\nMcDermottside, DE 81582-0039', 7905, 7000, '3440', 9000, 4234, '7889', 2, 1, 2, '6', 'Mrs. Mina Kautzer V', 'Voiture', 'oui', NULL, NULL, '2019-11-19 15:53:45', '2019-11-19 15:53:45'),
	(2486, 'RGV-2087', 4, '333 Leonel Rapids Suite 043\nMcKenziehaven, SD 43670', 2174, 8208, '8128', 8877, 6883, '7976', 2, 1, 2, '5', 'Kenyatta Wehner', 'Voiture', 'oui', NULL, NULL, '2019-11-19 15:53:45', '2019-11-19 15:53:45'),
	(2487, 'OVN]]]]]-7113', 4, '22023 Lind Courts Suite 845\nAlanismouth, HI 70976', 3407, 4046, '4075', 3727, 7947, '8298', 2, 1, 2, '3', 'Winifred Stamm', 'Voiture', 'oui', NULL, NULL, '2019-11-19 15:53:45', '2019-11-19 15:53:45'),
	(2488, 'HYE]]]]-3722', 4, '11224 Etha Loop Apt. 311\nEunachester, MO 23711', 2889, 4617, '8051', 6226, 3635, '4399', 2, 1, 2, '1', 'Dr. Janis Goyette', 'Voiture', 'oui', NULL, NULL, '2019-11-19 15:53:45', '2019-11-19 15:53:45'),
	(2489, 'RUI-2613', 4, '4664 Alta Landing\nSouth Lilian, TN 64181-6668', 3888, 3171, '6401', 2414, 6615, '5633', 2, 1, 2, '3', 'Bettye Wyman', 'Voiture', 'oui', NULL, NULL, '2019-11-19 15:53:45', '2019-11-19 15:53:45'),
	(2490, 'BHF-0900', 4, '81832 Gino Key Apt. 392\nTinamouth, NJ 99478', 7781, 5513, '2067', 3836, 3850, '6218', 2, 1, 2, '3', 'Mr. Reginald Harber MD', 'Voiture', 'oui', NULL, NULL, '2019-11-19 15:53:45', '2019-11-19 15:53:45'),
	(2491, 'HPW]]]-6041', 4, '60672 Lucio Run Suite 669\nKaelaport, ID 54431-9087', 1887, 8095, '7247', 1396, 1726, '2022', 2, 1, 2, '2', 'Prof. Rowland Shields', 'Voiture', 'oui', NULL, NULL, '2019-11-19 15:53:45', '2019-11-19 15:53:45'),
	(2492, 'EVW-1106', 4, '7825 Elroy Prairie Suite 866\nWest Makayla, SC 34199-2179', 4147, 8869, '4108', 8254, 6948, '1150', 2, 1, 2, '7', 'Dr. King Kihn', 'Voiture', 'oui', NULL, NULL, '2019-11-19 15:53:45', '2019-11-19 15:53:45'),
	(2493, 'HJP]-7016', 4, '5136 Oleta Plains\nNorth Noelia, KY 19297', 3574, 1897, '3653', 4173, 4158, '7685', 2, 1, 2, '4', 'Ardella Stanton MD', 'Voiture', 'oui', NULL, NULL, '2019-11-19 15:53:45', '2019-11-19 15:53:45'),
	(2494, 'UVC]]]]-6689', 4, '63640 Dalton Cliff\nKayliburgh, NV 67930', 4413, 2853, '6296', 5634, 4604, '3850', 2, 1, 2, '6', 'Demetrius Osinski', 'Voiture', 'oui', NULL, NULL, '2019-11-19 15:53:45', '2019-11-19 15:53:45'),
	(2495, 'OGZ-9002', 4, '3425 Chaya Station\nLake Shaniya, FL 98523', 3292, 1186, '3915', 5140, 7566, '4965', 2, 1, 2, '6', 'Janet Prohaska Sr.', 'Voiture', 'oui', NULL, NULL, '2019-11-19 15:53:45', '2019-11-19 15:53:45'),
	(2496, 'DHK]]]]]-7315', 4, '7376 Eunice Drive Apt. 790\nGenovevaview, KY 43740', 4194, 1275, '8984', 6955, 3914, '4429', 2, 1, 2, '3', 'Aditya Kassulke', 'Voiture', 'oui', NULL, NULL, '2019-11-19 15:53:45', '2019-11-19 15:53:45'),
	(2497, 'QSG]]-2382', 4, '122 Sanford Vista\nEast Kobe, ND 86004', 4381, 5475, '6670', 8603, 5044, '7618', 2, 1, 2, '7', 'Carolina Hane', 'Voiture', 'oui', NULL, NULL, '2019-11-19 15:53:45', '2019-11-19 15:53:45'),
	(2498, 'EIZ]]]]]-1110', 4, '888 Padberg Port\nKozeymouth, CO 75352', 1947, 3175, '7062', 2484, 1790, '5211', 2, 1, 2, '6', 'Prof. Bettie Herman', 'Voiture', 'oui', NULL, NULL, '2019-11-19 15:53:45', '2019-11-19 15:53:45'),
	(2499, 'AEH-2515', 4, '601 Baby Knolls\nPort Gregg, MA 57728', 2357, 7027, '4390', 5527, 7943, '6410', 2, 1, 2, '3', 'Buck Volkman', 'Voiture', 'oui', NULL, NULL, '2019-11-19 15:53:45', '2019-11-19 15:53:45'),
	(2500, 'WKY]]-0976', 4, '4819 Geraldine Stream Suite 288\nNew Jonas, MD 91694-6094', 8358, 7143, '5353', 4015, 4667, '2878', 2, 1, 2, '0', 'Addison Ratke', 'Voiture', 'oui', NULL, NULL, '2019-11-19 15:53:45', '2019-11-19 15:53:45'),
	(2501, 'PEZ]]-8420', 4, '92255 Wuckert Ways Apt. 835\nNorth Jalynmouth, AK 72541', 7673, 5882, '3606', 3514, 8795, '3355', 2, 1, 2, '7', 'Ms. Kenyatta Schuster DDS', 'Voiture', 'oui', NULL, NULL, '2019-11-19 15:53:45', '2019-11-19 15:53:45'),
	(2502, 'WWE]-7279', 4, '7501 Reynold Alley Apt. 539\nPort Marcelinoborough, MO 96462', 8077, 6909, '4049', 1962, 7027, '8099', 2, 1, 2, '3', 'Kenneth Leuschke', 'Voiture', 'oui', NULL, NULL, '2019-11-19 15:53:45', '2019-11-19 15:53:45'),
	(2503, 'PKH]-1205', 4, '88433 Collin Greens Suite 228\nLake Miltontown, NH 72443-5526', 2547, 2358, '8289', 5367, 6448, '5742', 2, 1, 2, '9', 'Paris Brakus', 'Voiture', 'oui', NULL, NULL, '2019-11-19 15:53:45', '2019-11-19 15:53:45'),
	(2504, 'HIO]]-2035', 4, '260 Stoltenberg Fields Apt. 426\nLake Jessyland, IL 90961-0093', 3850, 4514, '2532', 6062, 5692, '6407', 2, 1, 2, '6', 'Prof. Garland Rosenbaum', 'Voiture', 'oui', NULL, NULL, '2019-11-19 15:53:45', '2019-11-19 15:53:45'),
	(2505, 'QGG-3221', 4, '4311 Schowalter Avenue\nEast Briellefurt, IA 73401-8719', 4629, 1468, '3540', 8779, 5670, '5717', 2, 1, 2, '0', 'Orval Kub', 'Voiture', 'oui', NULL, NULL, '2019-11-19 15:53:45', '2019-11-19 15:53:45'),
	(2506, 'GJN-2489', 4, '2315 Dare Loaf Apt. 619\nNew Allychester, MT 95987-9857', 4768, 7835, '3650', 7964, 6820, '4869', 2, 1, 2, '4', 'Sibyl McGlynn', 'Voiture', 'oui', NULL, NULL, '2019-11-19 15:53:45', '2019-11-19 15:53:45'),
	(2507, 'HYW]]]-1854', 4, '448 Boehm Gateway\nLegrosfort, NV 56807', 2746, 6396, '2258', 5179, 7676, '5640', 2, 1, 2, '7', 'Kelley Dicki', 'Voiture', 'oui', NULL, NULL, '2019-11-19 15:53:45', '2019-11-19 15:53:45'),
	(2508, 'IKB]]]]-2654', 4, '16529 Trenton Mission\nWest Mayrafurt, NJ 08168-3760', 6834, 6895, '2932', 5167, 2428, '5050', 2, 1, 2, '6', 'Octavia Champlin', 'Voiture', 'oui', NULL, NULL, '2019-11-19 15:53:45', '2019-11-19 15:53:45'),
	(2509, 'GAY-4962', 4, '222 Krajcik Landing\nKevenfort, IA 54023-1928', 3062, 6226, '8133', 5468, 4128, '2125', 2, 1, 2, '0', 'Mollie Reinger', 'Voiture', 'oui', NULL, NULL, '2019-11-19 15:53:45', '2019-11-19 15:53:45'),
	(2510, 'NUJ]]]-0392', 4, '666 Gerhold Streets Suite 377\nGrantville, GA 35334', 8445, 3818, '2473', 5064, 6441, '5586', 2, 1, 2, '6', 'Kole Kling', 'Voiture', 'oui', NULL, NULL, '2019-11-19 15:53:45', '2019-11-19 15:53:45'),
	(2511, 'QKB-0263', 4, '860 Pacocha Rapid Apt. 385\nWebermouth, AR 39837-6756', 5222, 6789, '3615', 1234, 1275, '5715', 2, 1, 2, '7', 'Gerald Robel', 'Voiture', 'oui', NULL, NULL, '2019-11-19 15:53:45', '2019-11-19 15:53:45'),
	(2512, 'OUV]]-3111', 4, '203 Alverta Course Suite 052\nNorth Kip, OH 33727-6025', 8537, 5857, '5776', 6986, 1237, '2665', 2, 1, 2, '8', 'Dr. Katarina Funk', 'Voiture', 'oui', NULL, NULL, '2019-11-19 15:53:45', '2019-11-19 15:53:45'),
	(2513, 'TVT]-8602', 4, '50868 Maryse Fords Suite 373\nNorth Coltenmouth, MT 37112', 6177, 2722, '3697', 7279, 6151, '8986', 2, 1, 2, '9', 'Sallie Lebsack', 'Voiture', 'oui', NULL, NULL, '2019-11-19 15:53:45', '2019-11-19 15:53:45'),
	(2514, 'ZFY]-2872', 4, '8034 Lilly Canyon Suite 777\nGiovannaton, NC 06740-8292', 4078, 1940, '2521', 7060, 5950, '2095', 2, 1, 2, '0', 'Elda Predovic', 'Voiture', 'oui', NULL, NULL, '2019-11-19 15:53:45', '2019-11-19 15:53:45'),
	(2515, 'BAQ]]]-9843', 4, '4235 Kuhn Lock\nNorth Emilia, ND 81822-6721', 1327, 5290, '4139', 5671, 8264, '4146', 2, 1, 2, '9', 'Louisa Balistreri', 'Voiture', 'oui', NULL, NULL, '2019-11-19 15:53:45', '2019-11-19 15:53:45'),
	(2516, 'LTB]]]-9474', 4, '313 Holly Divide\nLaceyton, ME 14219', 5654, 7021, '6966', 3459, 1453, '2954', 2, 1, 2, '0', 'Mrs. Laney Gerlach I', 'Voiture', 'oui', NULL, NULL, '2019-11-19 15:53:45', '2019-11-19 15:53:45'),
	(2517, 'TNI]]-9845', 4, '4336 Kurtis Green\nNew Aaliyahview, MI 08813', 7289, 3830, '3343', 4174, 8003, '4394', 2, 1, 2, '5', 'Oren Auer', 'Voiture', 'oui', NULL, NULL, '2019-11-19 15:53:45', '2019-11-19 15:53:45'),
	(2518, 'AKW-2430', 4, '35750 George Parkways Suite 741\nLake Cotyton, SC 46599-8763', 8654, 7022, '5383', 8311, 6922, '6947', 2, 1, 2, '2', 'Liam Dickinson', 'Voiture', 'oui', NULL, NULL, '2019-11-19 15:53:45', '2019-11-19 15:53:45'),
	(2519, 'TSP]]]]-9591', 4, '890 Wisoky Rest\nKozeyborough, MN 78672', 7854, 7907, '3348', 4869, 3953, '3270', 2, 1, 2, '1', 'Prof. Jon Macejkovic', 'Voiture', 'oui', NULL, NULL, '2019-11-19 15:53:45', '2019-11-19 15:53:45'),
	(2520, 'JHS]]-6786', 4, '5844 Kaci Highway Suite 686\nEast Maiyaborough, GA 62062-5817', 2316, 5526, '3504', 6269, 1704, '1151', 2, 1, 2, '0', 'Adella Goodwin', 'Voiture', 'oui', NULL, NULL, '2019-11-19 15:53:45', '2019-11-19 15:53:45'),
	(2521, 'ZYD]-7069', 4, '2482 Milton Heights Apt. 638\nFosterfurt, WV 29554-2214', 6966, 3607, '3777', 3064, 1681, '1880', 2, 1, 2, '7', 'Garry Ward', 'Voiture', 'oui', NULL, NULL, '2019-11-19 15:53:45', '2019-11-19 15:53:45'),
	(2522, 'HZF-9678', 3, '84145 Corwin Club Apt. 229North Guy, NY 29385-1506', 4646, 7762, '7276', 1053, 20, '3119', 2, 1, 1, '2', 'Omer Feeney', 'Autre', 'oui', NULL, 'tgtgtgtg', '2019-11-19 15:53:45', '2020-02-15 14:07:07'),
	(2523, 'BSS-102_', 4, '14 rue japon tunis', 10, 20, '20', 10, 20, '20', 2, 1, 3, '2', 'tactic', 'Autre', 'non', NULL, NULL, '2019-12-18 04:17:38', '2020-02-15 14:04:52');
/*!40000 ALTER TABLE `sites_infra` ENABLE KEYS */;

-- Export de la structure de la table gip. users
DROP TABLE IF EXISTS `users`;
CREATE TABLE IF NOT EXISTS `users` (
  `id` int(10) unsigned NOT NULL AUTO_INCREMENT,
  `name` varchar(191) COLLATE utf8mb4_unicode_ci NOT NULL,
  `tel` varchar(191) COLLATE utf8mb4_unicode_ci DEFAULT NULL,
  `pseudo` varchar(191) COLLATE utf8mb4_unicode_ci DEFAULT NULL,
  `email` varchar(191) COLLATE utf8mb4_unicode_ci NOT NULL,
  `email_verified_at` timestamp NULL DEFAULT NULL,
  `connexion_date` datetime NOT NULL,
  `infra_sous_traitant_wo_id` int(11) NOT NULL,
  `active` int(11) DEFAULT NULL,
  `password` varchar(191) COLLATE utf8mb4_unicode_ci NOT NULL,
  `remember_token` varchar(100) COLLATE utf8mb4_unicode_ci DEFAULT NULL,
  `created_at` timestamp NULL DEFAULT NULL,
  `updated_at` timestamp NULL DEFAULT NULL,
  PRIMARY KEY (`id`),
  UNIQUE KEY `users_email_unique` (`email`)
) ENGINE=InnoDB AUTO_INCREMENT=3 DEFAULT CHARSET=utf8mb4 COLLATE=utf8mb4_unicode_ci;

-- Export de données de la table gip.users : ~1 rows (environ)
/*!40000 ALTER TABLE `users` DISABLE KEYS */;
INSERT INTO `users` (`id`, `name`, `tel`, `pseudo`, `email`, `email_verified_at`, `connexion_date`, `infra_sous_traitant_wo_id`, `active`, `password`, `remember_token`, `created_at`, `updated_at`) VALUES
	(1, 'TacTic', NULL, 'TacTic', 'contact@tac-tic.net', '2020-02-07 04:05:06', '0000-00-00 00:00:00', 4, 1, '$2y$10$F6fagxjMkI/1ZvysjUWRQ.UKw7PgefRSdUFvTUERXd5Z9t96EKoFS', NULL, '2020-02-07 04:05:23', '2020-02-07 04:05:25'),
	(2, 'dede', '1222', 'zz', 'admin@admin.com', NULL, '2020-02-20 00:00:00', 1, 1, '12154', NULL, NULL, NULL);
/*!40000 ALTER TABLE `users` ENABLE KEYS */;

/*!40101 SET SQL_MODE=IFNULL(@OLD_SQL_MODE, '') */;
/*!40014 SET FOREIGN_KEY_CHECKS=IF(@OLD_FOREIGN_KEY_CHECKS IS NULL, 1, @OLD_FOREIGN_KEY_CHECKS) */;
/*!40101 SET CHARACTER_SET_CLIENT=@OLD_CHARACTER_SET_CLIENT */;
